-0.031353,-0.021577,0.773165,0.000000,0.000000,0.383971,0.923345,-0.200000,0.000000,0.000000,0.420000,-0.223444,-0.000000,-0.200000,0.000000,0.000000,0.420000,-0.223444,-0.000000,0.000000,0.000000,0.000000,0.350000,0.180000,0.000000,0.870000,0.000000,0.000000,0.000000,0.350000,-0.180000,0.000000,0.870000,0.000000,0.000000,0.000000
-0.027333,-0.020700,0.772769,0.004766,-0.003980,0.383872,0.923365,-0.216559,0.019294,-0.000668,0.479988,-0.242704,-0.013232,-0.182382,-0.021523,0.001885,0.431443,-0.239755,0.015397,0.006855,0.010562,0.025575,0.298776,0.192407,-0.044919,0.917509,0.019301,-0.019651,0.019311,0.299532,-0.240996,0.065562,0.880862,-0.029167,-0.015976,-0.004476
-0.023312,-0.019823,0.772184,0.009532,-0.007959,0.383759,0.923350,-0.233119,0.038588,-0.001335,0.539976,-0.257027,-0.022442,-0.164765,-0.043045,0.003770,0.442885,-0.256156,0.030842,0.013710,0.021123,0.051151,0.247551,0.204815,-0.089839,0.965018,0.038602,-0.039301,0.038622,0.249063,-0.301992,0.131125,0.891723,-0.058333,-0.031952,-0.008952
-0.019292,-0.018946,0.771389,0.014298,-0.011939,0.383631,0.923298,-0.249678,0.057881,-0.002003,0.599964,-0.265438,-0.027019,-0.147147,-0.064568,0.005655,0.454328,-0.272555,0.046337,0.020565,0.031685,0.076726,0.196327,0.217222,-0.134758,1.012528,0.057903,-0.058952,0.057934,0.198595,-0.362988,0.196687,0.902585,-0.087500,-0.047928,-0.013427
-0.015272,-0.018069,0.770364,0.019063,-0.015917,0.383489,0.923212,-0.266238,0.077175,-0.002671,0.659952,-0.267194,-0.026433,-0.129530,-0.086091,0.007540,0.465771,-0.288944,0.061884,0.027420,0.042246,0.102301,0.145102,0.229629,-0.179677,1.060037,0.077204,-0.078602,0.077245,0.148127,-0.423984,0.262249,0.913446,-0.116667,-0.063904,-0.017903
-0.011251,-0.017192,0.769088,0.023827,-0.019895,0.383331,0.923089,-0.282797,0.096469,-0.003338,0.719939,-0.261713,-0.020244,-0.111912,-0.107613,0.009424,0.477213,-0.305317,0.077481,0.034274,0.052808,0.127877,0.093878,0.242037,-0.224597,1.107546,0.096505,-0.098253,0.096556,0.097658,-0.484981,0.327812,0.924308,-0.145833,-0.079881,-0.022379
-0.007231,-0.016315,0.767280,0.028590,-0.023873,0.383159,0.922931,-0.299357,0.115763,-0.004006,0.779927,-0.249239,-0.008638,-0.094295,-0.129136,0.011309,0.488656,-0.321743,0.093106,0.041129,0.063369,0.153452,0.042653,0.254444,-0.269516,1.155055,0.115806,-0.117903,0.115867,0.047190,-0.545977,0.393374,0.935169,-0.175000,-0.095857,-0.026855
-0.003211,-0.015438,0.765272,0.033353,-0.027849,0.382971,0.922738,-0.315916,0.135056,-0.004674,0.839915,-0.228812,0.009222,-0.076677,-0.150659,0.013194,0.500099,-0.338166,0.108781,0.047984,0.073931,0.179027,-0.008571,0.266851,-0.314435,1.202565,0.135107,-0.137554,0.135179,-0.003278,-0.606973,0.458936,0.946031,-0.204167,-0.111833,-0.031330
0.000810,-0.014561,0.763401,0.038113,-0.031825,0.382770,0.922509,-0.332476,0.154350,-0.005341,0.899903,-0.216239,0.020608,-0.059060,-0.172181,0.015079,0.511541,-0.354444,0.124538,0.054839,0.084492,0.204603,-0.059796,0.279259,-0.359355,1.250074,0.154408,-0.157204,0.154490,-0.053747,-0.667969,0.524499,0.956892,-0.233333,-0.127809,-0.035806
0.004830,-0.013684,0.761989,0.042873,-0.035799,0.382553,0.922244,-0.349035,0.173644,-0.006009,0.959891,-0.214519,0.023184,-0.041442,-0.193704,0.016964,0.522984,-0.370357,0.140420,0.061694,0.095054,0.230178,-0.111020,0.291666,-0.404274,1.297583,0.173709,-0.176855,0.173801,-0.104215,-0.728965,0.590061,0.967754,-0.262500,-0.143785,-0.040282
0.004830,-0.013684,0.761373,0.042873,-0.035799,0.382553,0.922244,-0.349035,0.173644,-0.006009,0.959891,-0.214519,0.023184,-0.041442,-0.193704,0.016964,0.522984,-0.370632,0.140357,0.061694,0.095054,0.230178,-0.111020,0.291666,-0.404274,1.297583,0.173709,-0.176855,0.173801,-0.104215,-0.728965,0.590061,0.967754,-0.262500,-0.143785,-0.040282
0.009580,-0.018997,0.761901,0.041015,-0.032626,0.388214,0.920078,-0.378790,0.172308,0.008574,0.977025,-0.208856,0.019814,-0.048447,-0.191876,-0.014357,0.526114,-0.372062,0.130430,0.074703,0.108168,0.228174,-0.108540,0.291446,-0.401944,1.301275,0.176463,-0.195930,0.169287,-0.115133,-0.739867,0.591369,0.976510,-0.265386,-0.155668,-0.042389
0.016016,-0.026482,0.763779,0.038736,-0.026986,0.396790,0.916695,-0.413518,0.167745,0.032453,0.987132,-0.200381,0.014293,-0.052671,-0.190186,-0.062325,0.522666,-0.372444,0.115663,0.095173,0.121965,0.224417,-0.097271,0.292754,-0.399152,1.300685,0.177583,-0.215237,0.157523,-0.126823,-0.753492,0.592367,0.982814,-0.267098,-0.166362,-0.043805
0.023251,-0.033845,0.766826,0.036369,-0.019639,0.406868,0.912551,-0.439696,0.159584,0.064310,0.970166,-0.193013,0.008064,-0.048856,-0.188497,-0.116395,0.502471,-0.366863,0.100472,0.118942,0.131466,0.220060,-0.076140,0.298272,-0.398283,1.287207,0.175993,-0.228670,0.138781,-0.136574,-0.766146,0.594744,0.984562,-0.267772,-0.172470,-0.043397
0.031188,-0.039148,0.770338,0.033895,-0.011179,0.417450,0.907999,-0.451734,0.147682,0.101655,0.911975,-0.188302,0.001012,-0.035799,-0.185404,-0.167335,0.461080,-0.352664,0.087933,0.141650,0.135422,0.215160,-0.046066,0.308855,-0.398774,1.255077,0.171576,-0.235595,0.115588,-0.142751,-0.774222,0.597849,0.983014,-0.267652,-0.174867,-0.040890
0.040474,-0.041788,0.773873,0.031319,-0.001762,0.428281,0.903101,-0.454127,0.132602,0.140432,0.816809,-0.182242,-0.009017,-0.016562,-0.179529,-0.211770,0.405300,-0.333815,0.077854,0.161305,0.135900,0.209203,-0.010292,0.322105,-0.396313,1.208459,0.164816,-0.239195,0.092478,-0.145831,-0.777613,0.600151,0.980226,-0.266799,-0.176639,-0.036986
0.051487,-0.042137,0.776778,0.028921,0.008182,0.439228,0.897873,-0.453452,0.115687,0.175554,0.704442,-0.176339,-0.027289,0.004793,-0.170943,-0.250052,0.348742,-0.318463,0.068866,0.177868,0.134791,0.202460,0.026661,0.334050,-0.385672,1.158581,0.155844,-0.241986,0.074343,-0.147152,-0.778698,0.600661,0.976427,-0.265277,-0.179327,-0.032692
0.063677,-0.040732,0.778513,0.027017,0.017511,0.449815,0.892541,-0.451801,0.098440,0.203273,0.596013,-0.137279,-0.035792,0.026230,-0.161250,-0.282777,0.302121,-0.312179,0.060961,0.191355,0.131999,0.196212,0.060697,0.342279,-0.365498,1.114356,0.144770,-0.244344,0.063637,-0.147210,-0.778964,0.599199,0.970297,-0.263724,-0.182147,-0.028616
0.075912,-0.037927,0.778832,0.025680,0.024916,0.459384,0.887517,-0.448261,0.082108,0.222846,0.504660,-0.085845,-0.037403,0.047594,-0.152146,-0.309775,0.268637,-0.315048,0.055069,0.201012,0.126815,0.191482,0.089470,0.347416,-0.340269,1.077654,0.133186,-0.245987,0.058777,-0.145095,-0.777511,0.596067,0.960835,-0.262981,-0.183958,-0.024857
0.087193,-0.033916,0.777812,0.024718,0.029704,0.467462,0.883168,-0.443104,0.068033,0.235506,0.437157,-0.041105,-0.033733,0.068635,-0.143974,-0.330599,0.247063,-0.324560,0.051327,0.206234,0.119688,0.187903,0.112848,0.352260,-0.317045,1.046905,0.124374,-0.247066,0.055319,-0.139368,-0.772596,0.591714,0.948165,-0.262718,-0.184632,-0.021244
0.097007,-0.028662,0.775742,0.023772,0.032042,0.473902,0.879673,-0.437738,0.057696,0.242648,0.396875,-0.013399,-0.026002,0.088448,-0.136011,-0.344971,0.235717,-0.338812,0.049108,0.207519,0.111772,0.183996,0.132279,0.359865,-0.300317,1.022027,0.121214,-0.247793,0.048937,-0.129509,-0.763697,0.586479,0.932841,-0.261068,-0.184343,-0.017576
0.105302,-0.021883,0.772449,0.022468,0.032607,0.478784,0.877039,-0.431736,0.051753,0.245743,0.381313,-0.003884,-0.015574,0.106702,-0.128059,-0.353139,0.232702,-0.356515,0.048385,0.205962,0.103367,0.178366,0.149235,0.371665,-0.290046,1.004565,0.123942,-0.247872,0.038337,-0.116553,-0.751657,0.580454,0.915423,-0.256304,-0.182501,-0.014143
0.112323,-0.013392,0.768554,0.020687,0.031992,0.482282,0.875187,-0.422414,0.049335,0.246970,0.380974,-0.007923,-0.004157,0.124003,-0.121107,-0.356027,0.235642,-0.376120,0.050245,0.202085,0.093754,0.170623,0.163728,0.386498,-0.283676,0.995157,0.130116,-0.246717,0.026235,-0.102418,-0.737283,0.573443,0.897280,-0.248488,-0.178196,-0.012533
0.118411,-0.003390,0.765175,0.018699,0.030361,0.484535,0.874045,-0.407462,0.048705,0.248451,0.385061,-0.019710,0.007204,0.140461,-0.116316,-0.354963,0.243797,-0.396677,0.055044,0.195661,0.082417,0.161416,0.174263,0.401326,-0.278864,0.993020,0.136485,-0.244097,0.017070,-0.088632,-0.720393,0.565001,0.881101,-0.238771,-0.171625,-0.015399
0.123839,0.007824,0.763054,0.016875,0.027719,0.485661,0.873545,-0.386652,0.048346,0.250776,0.387913,-0.036457,0.016825,0.154891,-0.114151,-0.351374,0.259769,-0.418579,0.062214,0.186438,0.069675,0.151855,0.179099,0.413183,-0.274624,0.997508,0.141016,-0.240401,0.012953,-0.075425,-0.700220,0.554938,0.869596,-0.227706,-0.164487,-0.024359
0.128812,0.020359,0.762472,0.015406,0.024387,0.486029,0.873467,-0.360965,0.047091,0.252934,0.389484,-0.058200,0.023655,0.165917,-0.114992,-0.346175,0.288010,-0.441169,0.071366,0.174367,0.056191,0.142953,0.176978,0.420671,-0.271554,1.008894,0.143727,-0.236211,0.012142,-0.061764,-0.676507,0.544261,0.863887,-0.215540,-0.158712,-0.037883
0.133560,0.034673,0.763221,0.014593,0.021041,0.486502,0.873304,-0.331208,0.043219,0.253696,0.391529,-0.085818,0.028253,0.172347,-0.120017,-0.338112,0.332378,-0.456201,0.082658,0.159094,0.042275,0.135446,0.166238,0.423933,-0.271941,1.027517,0.145998,-0.231760,0.011977,-0.046386,-0.650209,0.535234,0.864154,-0.203993,-0.154858,-0.051813
0.138343,0.050908,0.764716,0.015415,0.018316,0.488055,0.872484,-0.297683,0.033694,0.252710,0.393912,-0.117645,0.032319,0.170844,-0.131065,-0.322814,0.396433,-0.443373,0.096630,0.139954,0.027361,0.129917,0.143546,0.423712,-0.278828,1.052800,0.149130,-0.226937,0.012720,-0.029166,-0.623171,0.529805,0.871760,-0.196103,-0.151816,-0.062118
0.143293,0.068288,0.766170,0.019367,0.016519,0.490860,0.870867,-0.260363,0.014959,0.250485,0.392662,-0.148515,0.037365,0.154367,-0.149912,-0.295812,0.485672,-0.374792,0.116875,0.116925,0.009836,0.127045,0.104356,0.420848,-0.293780,1.082922,0.153564,-0.221712,0.017762,-0.011691,-0.597070,0.527958,0.889574,-0.193571,-0.147960,-0.066987
0.148241,0.085103,0.766646,0.027319,0.015632,0.493943,0.868924,-0.219006,-0.014328,0.247730,0.380801,-0.171046,0.044235,0.115933,-0.177205,-0.258020,0.606078,-0.219215,0.150080,0.091084,-0.011835,0.127805,0.045759,0.416674,-0.315440,1.114504,0.159027,-0.216204,0.030398,0.003608,-0.572712,0.527812,0.919643,-0.195008,-0.142425,-0.066868
0.152852,0.099401,0.766453,0.038328,0.015374,0.496054,0.867309,-0.173489,-0.050427,0.244482,0.352715,-0.180345,0.051811,0.055151,-0.210374,-0.217177,0.755865,-0.135842,0.179869,0.063670,-0.036640,0.133057,-0.030112,0.413190,-0.340357,1.142783,0.164277,-0.210256,0.051271,0.015189,-0.550336,0.526999,0.960789,-0.197314,-0.135331,-0.063706
0.156984,0.110136,0.766307,0.049613,0.015075,0.496816,0.866305,-0.124399,-0.084861,0.239578,0.309450,-0.177844,0.057361,-0.020219,-0.242274,-0.182438,0.917421,-0.094035,0.201040,0.035078,-0.059777,0.142474,-0.115746,0.412084,-0.364674,1.163744,0.165969,-0.203329,0.078520,0.023621,-0.530209,0.523819,1.008498,-0.198529,-0.127237,-0.060236
0.160690,0.117944,0.766524,0.058055,0.013504,0.496807,0.865812,-0.073467,-0.109209,0.231446,0.260030,-0.170608,0.059201,-0.099841,-0.264302,-0.157813,1.061407,-0.068452,0.211755,0.005299,-0.075304,0.154163,-0.202809,0.413753,-0.385116,1.176401,0.158627,-0.195221,0.108858,0.031115,-0.512591,0.517647,1.056825,-0.199160,-0.118884,-0.058642
0.163792,0.124679,0.767128,0.062178,0.009270,0.496527,0.865742,-0.023610,-0.120591,0.220079,0.217027,-0.166910,0.058792,-0.176671,-0.273150,-0.141648,1.163563,-0.061289,0.210791,-0.024882,-0.080965,0.166295,-0.288087,0.418146,-0.399472,1.179859,0.137338,-0.187131,0.138557,0.039549,-0.497365,0.508482,1.100390,-0.200679,-0.111246,-0.058957
0.165890,0.132161,0.767900,0.062795,0.001976,0.495614,0.866267,0.021514,-0.122262,0.208051,0.189751,-0.171660,0.059090,-0.247134,-0.273737,-0.131836,1.217350,-0.076686,0.198487,-0.053582,-0.079994,0.179370,-0.374448,0.427026,-0.406406,1.165441,0.101189,-0.182265,0.166026,0.048489,-0.484036,0.495668,1.135238,-0.202296,-0.105078,-0.059460
0.167114,0.141484,0.768567,0.061471,-0.006895,0.493225,0.867700,0.058597,-0.118724,0.198852,0.180534,-0.185794,0.060805,-0.308051,-0.273026,-0.129874,1.227024,-0.115737,0.177566,-0.078944,-0.077455,0.195926,-0.465207,0.444707,-0.404229,1.114286,0.054436,-0.184988,0.195550,0.054818,-0.471770,0.477211,1.159234,-0.199299,-0.099886,-0.059647
0.168526,0.153250,0.768978,0.058386,-0.014745,0.489024,0.870189,0.085997,-0.111088,0.194218,0.186235,-0.208951,0.061792,-0.356022,-0.270070,-0.138774,1.189842,-0.168212,0.154734,-0.100688,-0.074930,0.217034,-0.557989,0.475117,-0.390865,1.008856,0.005146,-0.197910,0.236727,0.054572,-0.459151,0.451501,1.172794,-0.185862,-0.093538,-0.062416
0.171305,0.167638,0.769137,0.052160,-0.019816,0.483477,0.873577,0.104317,-0.097908,0.193725,0.201230,-0.240109,0.060504,-0.389656,-0.254244,-0.157841,1.091522,-0.213412,0.138956,-0.120434,-0.069378,0.239361,-0.645189,0.517544,-0.367164,0.850680,-0.037154,-0.218842,0.296109,0.046149,-0.444598,0.420061,1.179030,-0.160488,-0.083686,-0.071931
0.175651,0.183756,0.769033,0.042139,-0.022100,0.477093,0.877564,0.115788,-0.079894,0.196729,0.218415,-0.274958,0.058211,-0.410771,-0.216433,-0.181755,0.923223,-0.261942,0.116425,-0.140039,-0.057606,0.256837,-0.720270,0.566076,-0.339995,0.665970,-0.063956,-0.241456,0.367903,0.032394,-0.427981,0.387351,1.182015,-0.128044,-0.070284,-0.088996
0.180993,0.199409,0.768413,0.030527,-0.022139,0.469693,0.882024,0.123275,-0.062189,0.203269,0.230656,-0.306295,0.056482,-0.422971,-0.162318,-0.205643,0.702284,-0.211457,0.048660,-0.159607,-0.041432,0.265516,-0.781955,0.613807,-0.319285,0.490785,-0.069891,-0.259992,0.435296,0.019075,-0.411827,0.356894,1.184214,-0.095748,-0.056553,-0.109498
0.187446,0.212598,0.766706,0.021437,-0.019595,0.460909,0.886972,0.130063,-0.050962,0.212514,0.234993,-0.330535,0.053783,-0.429470,-0.111503,-0.228790,0.473653,-0.055744,0.009726,-0.177589,-0.027293,0.266055,-0.831713,0.656671,-0.310550,0.349179,-0.054340,-0.272963,0.482922,0.010844,-0.400007,0.328564,1.185467,-0.068259,-0.046658,-0.127704
0.196508,0.223911,0.762352,0.017395,-0.013833,0.451440,0.892024,0.140031,-0.048251,0.221567,0.234825,-0.352078,0.046645,-0.431911,-0.081245,-0.251562,0.286750,0.064185,-0.001470,-0.192699,-0.020079,0.261389,-0.869299,0.692977,-0.311359,0.245182,-0.022696,-0.281938,0.507375,0.009114,-0.394532,0.300892,1.184480,-0.047204,-0.042178,-0.140296
0.209732,0.237009,0.757398,0.017118,-0.005614,0.443348,0.896169,0.156544,-0.050735,0.226871,0.235199,-0.379629,0.034373,-0.430306,-0.072347,-0.270916,0.166989,0.142652,-0.014073,-0.204937,-0.018021,0.253457,-0.892374,0.721108,-0.315548,0.172255,0.014204,-0.287760,0.515743,0.013476,-0.393750,0.275108,1.181197,-0.032890,-0.041273,-0.147438
0.226918,0.255659,0.753731,0.016946,0.002771,0.438741,0.898450,0.180025,-0.052934,0.226398,0.236263,-0.413377,0.020220,-0.423873,-0.072163,-0.281915,0.109177,0.211278,-0.051110,-0.214851,-0.014349,0.243046,-0.898550,0.738576,-0.319430,0.124988,0.044239,-0.289269,0.516806,0.023247,-0.394204,0.255067,1.177382,-0.023720,-0.041177,-0.151469
0.246314,0.279735,0.752498,0.014211,0.009024,0.438090,0.898773,0.207002,-0.050990,0.219892,0.235925,-0.446217,0.008518,-0.412296,-0.069059,-0.283416,0.097025,0.239618,-0.080249,-0.222679,-0.003448,0.231701,-0.885778,0.741822,-0.323231,0.102056,0.059516,-0.285834,0.514719,0.036796,-0.394490,0.243432,1.174644,-0.015935,-0.040715,-0.154800
0.266444,0.304535,0.753687,0.009174,0.011453,0.439919,0.897917,0.232096,-0.043896,0.207420,0.243855,-0.472697,0.001267,-0.396234,-0.061339,-0.280518,0.123046,0.214140,-0.088412,-0.228022,0.015438,0.222196,-0.852504,0.726708,-0.328462,0.105846,0.059009,-0.279775,0.507446,0.051031,-0.397089,0.240260,1.172785,-0.008648,-0.040180,-0.157237
0.286846,0.324494,0.756286,0.004116,0.008104,0.442105,0.896917,0.249509,-0.031123,0.188680,0.290867,-0.485853,-0.004672,-0.376394,-0.053574,-0.280805,0.186373,0.146435,-0.084687,-0.229129,0.039980,0.216984,-0.800259,0.691324,-0.336648,0.145657,0.047927,-0.274323,0.487295,0.063030,-0.406020,0.246423,1.171313,-0.009638,-0.039627,-0.154552
0.306940,0.337530,0.758781,0.000990,-0.002900,0.443396,0.896321,0.250848,-0.008419,0.164815,0.412549,-0.427345,-0.021604,-0.352454,-0.048279,-0.287827,0.277861,0.058198,-0.079872,-0.222324,0.068039,0.217165,-0.735808,0.638862,-0.351037,0.238607,0.035722,-0.268562,0.444530,0.070913,-0.422718,0.266822,1.171586,-0.030954,-0.038566,-0.141752
0.325319,0.345989,0.759625,0.000192,-0.020921,0.443831,0.895866,0.223924,0.032028,0.141625,0.611690,-0.367050,-0.041739,-0.323359,-0.043335,-0.297741,0.376407,-0.031480,-0.074929,-0.203277,0.097732,0.223284,-0.667943,0.576547,-0.376272,0.398738,0.032119,-0.256543,0.375670,0.070887,-0.445701,0.308027,1.174072,-0.075127,-0.038076,-0.119626
0.340657,0.354357,0.757630,0.001380,-0.041681,0.443964,0.895074,0.158555,0.092946,0.130109,0.839291,-0.321900,-0.050437,-0.288231,-0.036704,-0.302789,0.460762,-0.108871,-0.071695,-0.169412,0.125520,0.236324,-0.599385,0.512478,-0.411907,0.617688,0.041429,-0.234015,0.290358,0.053833,-0.476404,0.371677,1.171838,-0.128785,-0.042842,-0.096741
0.352422,0.366458,0.755345,0.004741,-0.059862,0.443743,0.894140,0.054813,0.162882,0.141230,1.023819,-0.293382,-0.037239,-0.246722,-0.032011,-0.298913,0.520621,-0.172511,-0.066104,-0.121252,0.146749,0.257127,-0.521281,0.454740,-0.444914,0.854665,0.060216,-0.205364,0.207701,0.007801,-0.524489,0.449982,1.150201,-0.173885,-0.059245,-0.083052
0.360384,0.383622,0.754073,0.011029,-0.072572,0.442252,0.893882,-0.075373,0.219867,0.177602,1.118242,-0.298845,-0.004381,-0.200037,-0.038140,-0.289724,0.557041,-0.224093,-0.054430,-0.062699,0.158801,0.285129,-0.418557,0.410829,-0.451973,1.051901,0.081150,-0.180829,0.144274,-0.074100,-0.602161,0.528277,1.098400,-0.202989,-0.089257,-0.082544
0.364463,0.403887,0.754245,0.020447,-0.079846,0.438950,0.894723,-0.213303,0.246728,0.229584,1.108920,-0.327768,0.029121,-0.153269,-0.061727,-0.282502,0.577529,-0.264466,-0.035915,-0.000979,0.162761,0.318258,-0.284081,0.383766,-0.413836,1.169054,0.096861,-0.166340,0.107177,-0.188754,-0.709213,0.593622,1.022726,-0.219585,-0.125735,-0.093755
0.365614,0.422736,0.755319,0.031540,-0.082707,0.435173,0.895985,-0.340549,0.242237,0.280670,0.990084,-0.352844,0.036139,-0.115400,-0.098989,-0.280803,0.591362,-0.294473,-0.014370,0.055395,0.161999,0.353871,-0.127728,0.369976,-0.328564,1.206168,0.098476,-0.158512,0.098498,-0.326548,-0.826611,0.642786,0.943923,-0.226172,-0.155635,-0.115790
0.366171,0.435808,0.756423,0.041261,-0.081979,0.433654,0.896393,-0.447294,0.219066,0.318126,0.762004,-0.268913,0.022510,-0.093659,-0.135964,-0.281625,0.604779,-0.316693,0.003841,0.101556,0.160255,0.388825,0.029033,0.366078,-0.209281,1.192597,0.074972,-0.150373,0.122047,-0.478412,-0.930062,0.682768,0.878986,-0.218842,-0.169908,-0.150670
0.368648,0.442181,0.757074,0.047050,-0.078830,0.435783,0.895358,-0.538710,0.194577,0.338953,0.465064,-0.185483,-0.044655,-0.086453,-0.159204,-0.279516,0.618068,-0.334906,0.014820,0.139856,0.160925,0.418705,0.165347,0.378597,-0.070590,1.156390,0.020307,-0.140036,0.182372,-0.637408,-1.009499,0.723488,0.827812,-0.195621,-0.170119,-0.199717
0.373926,0.445219,0.757410,0.049696,-0.075303,0.439497,0.893701,-0.630462,0.182373,0.346400,0.188497,-0.038733,-0.106498,-0.083535,-0.167900,-0.272633,0.628329,-0.351876,0.019790,0.177113,0.166297,0.438864,0.268038,0.422767,0.079890,1.107318,-0.058245,-0.132966,0.278697,-0.794453,-1.072343,0.769168,0.778378,-0.165206,-0.164740,-0.260290
0.380358,0.449693,0.757932,0.053516,-0.073058,0.440725,0.893062,-0.733181,0.186835,0.343089,0.016714,0.088978,-0.150678,-0.075245,-0.175040,-0.264210,0.634661,-0.367860,0.022513,0.217324,0.176267,0.447709,0.333770,0.510031,0.240081,1.043362,-0.141577,-0.137169,0.401826,-0.936618,-1.129487,0.815592,0.719505,-0.141662,-0.160553,-0.327162
0.384708,0.457982,0.759158,0.062303,-0.071111,0.437286,0.894339,-0.840653,0.202228,0.329422,-0.033682,0.162815,-0.169983,-0.062007,-0.195034,-0.257641,0.639048,-0.381289,0.026132,0.256972,0.188392,0.448303,0.370174,0.639085,0.410252,0.962212,-0.208843,-0.156822,0.535488,-1.052197,-1.182016,0.854844,0.644424,-0.130556,-0.159419,-0.395036
0.384496,0.469345,0.761456,0.075085,-0.065509,0.430781,0.896939,-0.934705,0.217685,0.306767,-0.012493,0.181682,-0.171882,-0.054299,-0.229997,-0.250457,0.642835,-0.390691,0.032594,0.287002,0.199363,0.445878,0.390336,0.798747,0.588874,0.862581,-0.246384,-0.189586,0.659490,-1.136906,-1.221863,0.882924,0.547017,-0.124585,-0.161806,-0.458138
0.379861,0.482328,0.764926,0.087312,-0.052346,0.423888,0.899975,-1.002030,0.224443,0.277226,0.027442,0.161663,-0.165967,-0.063552,-0.269984,-0.234634,0.644560,-0.394992,0.043017,0.298697,0.205000,0.444284,0.397730,0.975404,0.761364,0.741474,-0.251070,-0.228847,0.754900,-1.194305,-1.243088,0.903074,0.424446,-0.113835,-0.169679,-0.509100
0.373178,0.496771,0.769096,0.096411,-0.031273,0.416120,0.903643,-1.045753,0.218975,0.238315,0.086528,0.115651,-0.156275,-0.094816,-0.306515,-0.203158,0.642489,-0.392049,0.057430,0.288023,0.199061,0.444941,0.378171,1.158272,0.892332,0.600513,-0.230290,-0.267571,0.811700,-1.229117,-1.249586,0.920971,0.287783,-0.096934,-0.184240,-0.540819
0.366719,0.513409,0.772674,0.103617,-0.005116,0.403612,0.909030,-1.080257,0.200442,0.182538,0.215085,0.050155,-0.144359,-0.150851,-0.340536,-0.153595,0.639506,-0.379529,0.074675,0.256038,0.175974,0.447683,0.318654,1.345219,0.948812,0.457914,-0.199329,-0.300300,0.833775,-1.239141,-1.247512,0.936899,0.166231,-0.081123,-0.202095,-0.549863
0.360517,0.532579,0.773576,0.107925,0.025034,0.382917,0.917115,-1.115209,0.167690,0.107740,0.458497,-0.029682,-0.133032,-0.242078,-0.370682,-0.084444,0.644048,-0.358905,0.093311,0.206444,0.138405,0.451258,0.242022,1.546375,0.953082,0.344526,-0.174334,-0.324153,0.834475,-1.218689,-1.227382,0.946240,0.094747,-0.074714,-0.215195,-0.538854
0.352075,0.553539,0.769563,0.100210,0.063636,0.352427,0.928280,-1.146220,0.121564,0.026693,0.799410,-0.121883,-0.122291,-0.382853,-0.375902,0.005468,0.661440,-0.335759,0.113770,0.142604,0.100745,0.453401,0.214856,1.771049,1.001753,0.276600,-0.163679,-0.340253,0.824275,-1.179349,-1.159575,0.950549,0.092946,-0.080936,-0.215078,-0.518038
0.337941,0.574398,0.760059,0.068768,0.116662,0.308553,0.941518,-1.161564,0.071498,-0.038694,1.146847,-0.231180,-0.104539,-0.567994,-0.323593,0.106760,0.680111,-0.312540,0.139380,0.066861,0.079280,0.452093,0.302106,1.999949,1.189704,0.238540,-0.164861,-0.352199,0.800940,-1.162483,-1.021942,0.962280,0.154051,-0.095744,-0.198596,-0.502934
0.316464,0.592912,0.745700,0.013582,0.181808,0.243803,0.952534,-1.155790,0.038701,-0.073448,1.387962,-0.361439,-0.070538,-0.757577,-0.207023,0.192129,0.671544,-0.284968,0.170772,-0.016184,0.072961,0.448214,0.503049,2.179368,1.493904,0.213736,-0.168946,-0.359052,0.750882,-1.202628,-0.840587,0.984579,0.258718,-0.108679,-0.171319,-0.502201
0.290362,0.608483,0.728266,-0.046495,0.244561,0.154505,0.956115,-1.135623,0.047966,-0.078142,1.464676,-0.502234,-0.021364,-0.898965,-0.069073,0.229884,0.617453,-0.249973,0.199775,-0.096321,0.053168,0.446890,0.740291,2.263310,1.764816,0.238293,-0.167444,-0.350232,0.660076,-1.256948,-0.692968,0.980533,0.405267,-0.108184,-0.144291,-0.502747
0.266548,0.623599,0.714140,-0.087760,0.288546,0.049574,0.952146,-1.115834,0.109472,-0.067131,1.409688,-0.628527,0.029439,-0.964351,0.026979,0.209472,0.542312,-0.217029,0.225545,-0.159824,-0.019518,0.454283,0.926014,2.264295,1.869040,0.395996,-0.157097,-0.313423,0.525299,-1.197973,-0.650814,0.879422,0.615345,-0.090269,-0.124950,-0.474274
0.251868,0.642185,0.708426,-0.107752,0.309334,-0.054350,0.943264,-1.111348,0.208973,-0.066599,1.309690,-0.740473,0.059078,-0.953854,0.054120,0.150899,0.506089,-0.224143,0.261459,-0.192952,-0.157617,0.471300,1.039835,2.245165,1.826045,0.725454,-0.141192,-0.251715,0.357925,-0.929596,-0.715371,0.638734,0.890496,-0.061394,-0.112460,-0.400417
0.247912,0.665573,0.714279,-0.132797,0.315005,-0.144147,0.928633,-1.127053,0.326095,-0.107321,1.229220,-0.761098,0.038454,-0.865789,0.038959,0.088040,0.550056,-0.272680,0.287739,-0.179261,-0.324574,0.491171,1.128228,2.245852,1.763508,1.136403,-0.126673,-0.188638,0.180946,-0.514059,-0.823425,0.302129,1.169970,-0.029218,-0.104748,-0.305532
0.250358,0.690330,0.732160,-0.194542,0.315557,-0.213135,0.903964,-1.146783,0.464764,-0.199697,1.161912,-0.708407,0.027682,-0.691425,0.016992,0.044752,0.653702,-0.251759,0.252118,-0.099158,-0.458654,0.504861,1.214055,2.218601,1.729476,1.454644,-0.118929,-0.149409,0.028280,-0.139141,-0.923182,-0.021127,1.354124,0.007713,-0.107485,-0.241069
0.254076,0.710920,0.759649,-0.294345,0.314113,-0.256527,0.865383,-1.136099,0.650186,-0.312372,1.048305,-0.659462,0.021721,-0.452168,-0.019068,0.025587,0.759512,-0.269844,0.242787,0.053572,-0.523216,0.508551,1.217291,2.053530,1.591638,1.565695,-0.118845,-0.138409,-0.050445,0.043309,-1.024752,-0.235480,1.367900,0.055404,-0.130097,-0.243560
0.258924,0.725351,0.784713,-0.395089,0.310757,-0.273657,0.820028,-1.070975,0.884522,-0.392933,0.841174,-0.585093,-0.012831,-0.217790,-0.109026,0.023184,0.838979,-0.302116,0.233832,0.250030,-0.530347,0.505062,1.009595,1.695278,1.178431,1.499183,-0.123620,-0.140515,-0.001683,0.008322,-1.159456,-0.306558,1.196194,0.110736,-0.173129,-0.311288
0.270081,0.738594,0.822489,-0.463187,0.310442,-0.274804,0.783305,-0.970751,1.113964,-0.417201,0.565844,-0.460240,-0.088185,-0.062052,-0.261520,0.029195,0.915885,-0.338857,0.214714,0.429614,-0.517191,0.499610,0.577043,1.237308,0.518426,1.372034,-0.128472,-0.141828,0.183750,-0.184620,-1.307553,-0.246002,0.886564,0.159019,-0.225412,-0.417081
0.292361,0.759634,0.862373,-0.506965,0.319923,-0.274073,0.752010,-0.895283,1.248398,-0.408006,0.333060,-0.319987,-0.126634,-0.010954,-0.422726,0.038732,1.020728,-0.355217,0.176713,0.530503,-0.508734,0.496246,0.090094,0.869437,-0.127756,1.272680,-0.128253,-0.141476,0.431048,-0.446915,-1.395323,-0.088413,0.540730,0.185388,-0.274203,-0.532754
0.324294,0.793525,0.897157,-0.564394,0.343627,-0.279178,0.696735,-0.902322,1.214878,-0.404281,0.286726,-0.298761,0.016844,-0.055927,-0.525529,0.050361,1.146656,-0.330655,0.126474,0.516938,-0.504889,0.497444,-0.240351,0.714302,-0.507401,1.206166,-0.120701,-0.143990,0.623365,-0.674910,-1.363443,0.108121,0.274293,0.184402,-0.312933,-0.643182
0.358187,0.835588,0.919465,-0.658084,0.383789,-0.288435,0.580032,-1.004810,1.007523,-0.423625,0.501685,-0.522270,0.510380,-0.203424,-0.553335,0.066741,1.267654,-0.274459,0.079431,0.389591,-0.491066,0.504000,-0.355433,0.732703,-0.598175,1.127387,-0.109925,-0.148595,0.697000,-0.786221,-1.220667,0.273772,0.146794,0.161818,-0.340388,-0.746192
0.385829,0.874065,0.924987,-0.760865,0.438732,-0.291243,0.379179,-1.162856,0.707488,-0.457240,0.905020,-0.401043,0.313810,-0.475369,-0.534455,0.093309,1.380773,-0.227095,0.040776,0.189973,-0.451693,0.513846,-0.352287,0.791925,-0.563049,1.003989,-0.105633,-0.149826,0.675173,-0.773329,-1.029785,0.368335,0.133597,0.136846,-0.359811,-0.837646
0.403605,0.899167,0.912771,-0.813499,0.501622,-0.274258,0.106669,-1.312630,0.445621,-0.488706,1.313632,-0.216065,0.319013,-0.852167,-0.490980,0.131844,1.504058,-0.228587,0.001591,-0.008142,-0.380281,0.521985,-0.326850,0.796337,-0.546382,0.845838,-0.116640,-0.145024,0.611278,-0.687772,-0.855775,0.405776,0.175987,0.143930,-0.378758,-0.892017
0.412641,0.909640,0.884067,-0.773788,0.558864,-0.232020,-0.187322,-1.411773,0.314103,-0.506310,1.575805,-0.345538,-0.067380,-1.240762,-0.426299,0.176355,1.639994,-0.281911,-0.043568,-0.137811,-0.288982,0.523426,-0.278969,0.742640,-0.571009,0.691342,-0.142889,-0.137106,0.533240,-0.560781,-0.732891,0.427998,0.240870,0.216924,-0.401193,-0.867333
0.416081,0.911386,0.840954,-0.654512,0.593314,-0.177567,-0.433662,-1.468453,0.301920,-0.499466,1.677330,-0.458808,-0.026596,-1.521855,-0.359819,0.219270,1.765105,0.188843,-0.781016,-0.184165,-0.209379,0.518027,-0.169972,0.681078,-0.596282,0.585364,-0.173469,-0.129917,0.449233,-0.372346,-0.667557,0.460999,0.322220,0.354459,-0.415872,-0.745778
0.417672,0.911480,0.815419,-0.517262,0.598914,-0.136391,-0.595936,-1.524256,0.322229,-0.457015,1.710685,-0.526826,-0.006489,-1.626804,-0.338361,0.259757,1.856620,0.055044,-0.576356,-0.185786,-0.174212,0.513344,-0.010800,0.650908,-0.599972,0.570182,-0.194477,-0.123889,0.372129,-0.110970,-0.649545,0.499309,0.415900,0.504339,-0.398827,-0.568975
0.421738,0.914024,0.789904,-0.408758,0.577500,-0.120016,-0.696424,-1.594832,0.300869,-0.378491,1.761875,-0.511604,-0.012076,-1.560621,-0.391856,0.298216,1.909474,0.040630,-0.498300,-0.189384,-0.191199,0.519273,0.139666,0.649324,-0.584064,0.671209,-0.199815,-0.118207,0.313727,0.168547,-0.650621,0.518263,0.524820,0.598431,-0.335774,-0.415982
0.431933,0.919844,0.758609,-0.333052,0.527741,-0.118505,-0.772349,-1.621849,0.234442,-0.281649,1.834641,-0.415762,-0.036235,-1.364597,-0.488940,0.319120,1.919281,-0.002683,-0.505406,-0.209196,-0.234267,0.533394,0.239154,0.646897,-0.539153,0.867792,-0.194034,-0.114629,0.268721,0.377380,-0.628528,0.490291,0.673348,0.607314,-0.243148,-0.338873
0.448812,0.928011,0.725672,-0.276585,0.454205,-0.117053,-0.838748,-1.503076,0.172680,-0.190515,1.863706,-0.286275,-0.065385,-1.083645,-0.555412,0.288913,1.867253,-0.156389,-0.335389,-0.228616,-0.261306,0.532024,0.293246,0.623573,-0.440630,1.086351,-0.187188,-0.115713,0.225472,0.477006,-0.555339,0.399547,0.880729,0.556812,-0.160816,-0.327893
0.469209,0.937511,0.692011,-0.227383,0.374027,-0.112874,-0.891998,-1.196698,0.159664,-0.118298,1.786284,-0.192455,-0.087264,-0.772088,-0.539939,0.186873,1.745642,-0.336555,-0.165816,-0.228863,-0.243253,0.487436,0.321227,0.586732,-0.284642,1.244417,-0.190247,-0.122045,0.190554,0.510299,-0.445557,0.256078,1.119140,0.496988,-0.120240,-0.339418
0.488488,0.948175,0.665082,-0.176391,0.304910,-0.114620,-0.928859,-0.791860,0.195184,-0.066709,1.605824,-0.191763,-0.094607,-0.499677,-0.456011,0.039989,1.593938,-0.483246,-0.098553,-0.208927,-0.182911,0.401872,0.311650,0.557290,-0.112161,1.303603,-0.213038,-0.136144,0.188316,0.545021,-0.345301,0.095906,1.324089,0.462329,-0.122324,-0.344222
0.503145,0.959946,0.650093,-0.120415,0.254907,-0.128234,-0.950831,-0.448678,0.244910,-0.035774,1.389922,-0.291187,-0.086665,-0.319929,-0.361588,-0.088574,1.479473,-0.604959,-0.067123,-0.182767,-0.110784,0.314798,0.229978,0.546051,0.015478,1.272080,-0.259826,-0.165904,0.232276,0.600992,-0.291183,-0.040608,1.447314,0.456302,-0.146405,-0.343319
0.511539,0.971325,0.650942,-0.068551,0.224323,-0.148220,-0.960735,-0.263835,0.279731,-0.023361,1.204368,-0.434828,-0.194764,-0.229660,-0.306240,-0.154760,1.425882,-0.659976,-0.028569,-0.164112,-0.060665,0.263633,0.067519,0.548190,0.065289,1.167095,-0.323118,-0.217482,0.305102,0.640314,-0.285975,-0.132239,1.475242,0.463490,-0.174169,-0.348377
0.513409,0.979609,0.672924,-0.035369,0.207108,-0.163164,-0.963967,-0.211548,0.301414,-0.015413,1.058565,-0.412283,-0.201664,-0.175756,-0.299562,-0.168542,1.377436,-0.594897,-0.020337,-0.154309,-0.045011,0.242890,-0.136262,0.556192,0.052919,0.994605,-0.383590,-0.285698,0.374312,0.617413,-0.310278,-0.179427,1.400833,0.471503,-0.200901,-0.360153
0.509632,0.983328,0.701408,-0.024810,0.191232,-0.167412,-0.966844,-0.208067,0.331044,0.011038,0.925227,-0.318452,-0.194224,-0.109118,-0.320079,-0.169866,1.253601,-0.460620,0.021911,-0.142729,-0.051806,0.215234,-0.326686,0.570133,0.018577,0.764858,-0.420016,-0.355653,0.424659,0.526206,-0.343749,-0.191280,1.219449,0.481024,-0.228205,-0.368722
0.502182,0.983890,0.729344,-0.027034,0.166034,-0.164516,-0.971924,-0.202086,0.379915,0.066471,0.798400,-0.201743,-0.218495,-0.026454,-0.340842,-0.182812,1.034912,-0.419898,0.145392,-0.118671,-0.061830,0.158848,-0.474947,0.593693,-0.008289,0.512455,-0.422157,-0.412747,0.466088,0.401938,-0.372288,-0.177421,0.967968,0.497361,-0.253425,-0.367904
0.493317,0.984429,0.755161,-0.029541,0.131276,-0.160879,-0.977759,-0.195312,0.439049,0.134472,0.707237,-0.067236,-0.254911,0.041319,-0.344324,-0.202038,0.783639,-0.365711,0.214707,-0.082392,-0.064765,0.089934,-0.580669,0.625049,-0.021783,0.290578,-0.396383,-0.449798,0.510692,0.288575,-0.387410,-0.149003,0.732066,0.517986,-0.269671,-0.362064
0.484239,0.987534,0.772845,-0.026385,0.096668,-0.159263,-0.982138,-0.203909,0.493313,0.185653,0.675191,0.054637,-0.277903,0.071080,-0.324774,-0.213678,0.583967,-0.356302,0.234992,-0.043948,-0.060179,0.039128,-0.649349,0.655474,-0.029531,0.141402,-0.361274,-0.467913,0.553649,0.209037,-0.388282,-0.118083,0.584253,0.533168,-0.273777,-0.358675
0.474786,0.994403,0.783535,-0.017749,0.072217,-0.158539,-0.984548,-0.226147,0.535546,0.204674,0.689108,0.100296,-0.273700,0.070360,-0.287864,-0.214920,0.473494,-0.376004,0.232893,-0.013460,-0.049954,0.019146,-0.679979,0.675470,-0.038324,0.071189,-0.337846,-0.473309,0.580589,0.161258,-0.382161,-0.092417,0.526093,0.537493,-0.269662,-0.359768
0.464712,1.005423,0.785929,-0.005375,0.060275,-0.157450,-0.985671,-0.245768,0.565259,0.199252,0.715124,0.070536,-0.266285,0.064104,-0.247765,-0.212289,0.431170,-0.365652,0.223006,0.004805,-0.034419,0.020193,-0.669470,0.679422,-0.048202,0.058689,-0.340089,-0.471358,0.583181,0.132752,-0.378262,-0.073994,0.506936,0.535777,-0.263451,-0.363032
0.454944,1.020567,0.780480,0.009230,0.056247,-0.157003,-0.985952,-0.250571,0.580768,0.185925,0.730287,-0.001452,-0.269683,0.069139,-0.218373,-0.210232,0.415533,-0.371661,0.222494,0.010073,-0.014415,0.027591,-0.620925,0.664765,-0.056210,0.091917,-0.368970,-0.460476,0.560207,0.113093,-0.380730,-0.063480,0.488018,0.536252,-0.258125,-0.367091
0.447295,1.039133,0.772652,0.023652,0.054232,-0.159222,-0.985468,-0.239875,0.577181,0.174608,0.730798,-0.108295,-0.273711,0.084023,-0.204983,-0.207683,0.402731,-0.307516,0.236147,0.001290,0.006539,0.035071,-0.548351,0.630081,-0.063349,0.192543,-0.410492,-0.431717,0.510114,0.095735,-0.387604,-0.061901,0.475216,0.540409,-0.252824,-0.371220
0.443144,1.059523,0.766491,0.034367,0.050764,-0.164295,-0.984504,-0.219074,0.551405,0.167374,0.719050,-0.233237,-0.271788,0.097832,-0.204573,-0.204077,0.392326,-0.324342,0.254127,-0.021537,0.023919,0.043037,-0.474409,0.576458,-0.075776,0.395504,-0.439088,-0.377386,0.432102,0.076132,-0.394809,-0.065489,0.497223,0.540712,-0.244467,-0.371224
0.442586,1.079436,0.763256,0.038966,0.044849,-0.169813,-0.983684,-0.193622,0.508102,0.164499,0.694263,-0.311525,-0.256125,0.103118,-0.211807,-0.203755,0.390604,-0.332685,0.263621,-0.053382,0.035662,0.051607,-0.418583,0.510706,-0.097700,0.699419,-0.429582,-0.302373,0.335352,0.053034,-0.399909,-0.062781,0.565117,0.527883,-0.230052,-0.360687
0.444469,1.096272,0.762910,0.038198,0.036921,-0.173072,-0.983475,-0.168200,0.460112,0.166241,0.656802,-0.343129,-0.235195,0.100460,-0.222383,-0.211880,0.397125,-0.330205,0.259772,-0.084483,0.043180,0.058713,-0.384662,0.445961,-0.124474,1.039030,-0.375803,-0.225898,0.241735,0.030337,-0.402738,-0.043039,0.655751,0.500993,-0.210078,-0.338715
0.447027,1.107870,0.764693,0.035212,0.028541,-0.173552,-0.983781,-0.147535,0.421765,0.170783,0.615189,-0.347188,-0.218650,0.094695,-0.232440,-0.227285,0.405374,-0.318924,0.248222,-0.106084,0.048922,0.062596,-0.362688,0.396728,-0.145493,1.315739,-0.300484,-0.169554,0.174605,0.014417,-0.404014,-0.008958,0.730605,0.470411,-0.190069,-0.313788
0.448832,1.113580,0.767392,0.032866,0.021955,-0.172782,-0.984167,-0.135165,0.400606,0.174631,0.583198,-0.341386,-0.212771,0.089946,-0.238705,-0.242175,0.410018,-0.394034,0.238919,-0.115732,0.053639,0.063481,-0.343295,0.370467,-0.154056,1.465324,-0.240144,-0.142334,0.143115,0.008646,-0.404088,0.023310,0.767364,0.449056,-0.176601,-0.296689
0.449539,1.114769,0.769609,0.031998,0.018647,-0.172313,-0.984346,-0.131115,0.394523,0.175770,0.568957,-0.336551,-0.212557,0.087719,-0.240397,-0.249636,0.410612,-0.391937,0.234510,-0.117032,0.056425,0.062799,-0.325771,0.363087,-0.152496,1.498662,-0.214986,-0.136823,0.137701,0.011041,-0.402802,0.039420,0.772518,0.440647,-0.171403,-0.290431
0.449539,1.114769,0.770255,0.031998,0.018647,-0.172313,-0.984346,-0.131115,0.394523,0.175770,0.568957,-0.336408,-0.212275,0.087719,-0.240397,-0.249636,0.410612,-0.391924,0.234224,-0.117032,0.056425,0.062799,-0.325771,0.363087,-0.152496,1.498662,-0.214986,-0.136823,0.137701,0.011041,-0.402802,0.039420,0.772518,0.440647,-0.171403,-0.290431
0.450411,1.113731,0.770126,0.031178,0.018169,-0.172302,-0.984383,-0.131115,0.394523,0.175770,0.568957,-0.336357,-0.212753,0.087719,-0.240397,-0.249636,0.410612,-0.392116,0.234176,-0.114031,0.054978,0.061189,-0.308444,0.358392,-0.148586,1.482542,-0.209474,-0.133315,0.134170,0.019732,-0.397089,0.038409,0.775018,0.429348,-0.167008,-0.282984
0.451283,1.112693,0.769686,0.030358,0.017691,-0.172291,-0.984419,-0.131115,0.394523,0.175770,0.568957,-0.336374,-0.213364,0.087719,-0.240397,-0.249636,0.410612,-0.392331,0.234240,-0.111030,0.053531,0.059579,-0.291116,0.353698,-0.144676,1.466423,-0.203961,-0.129806,0.130639,0.028424,-0.391376,0.037398,0.777517,0.418050,-0.162613,-0.275537
0.452155,1.111655,0.769268,0.029538,0.017213,-0.172279,-0.984455,-0.131115,0.394523,0.175770,0.568957,-0.336386,-0.213959,0.087719,-0.240397,-0.249636,0.410612,-0.392563,0.234269,-0.108030,0.052085,0.057968,-0.273789,0.349003,-0.140766,1.450303,-0.198449,-0.126298,0.127109,0.037115,-0.385663,0.036388,0.780017,0.406751,-0.158218,-0.268090
0.453027,1.110618,0.768946,0.028717,0.016735,-0.172268,-0.984489,-0.131115,0.394523,0.175770,0.568957,-0.336375,-0.214501,0.087719,-0.240397,-0.249636,0.410612,-0.392805,0.234237,-0.105029,0.050638,0.056358,-0.256461,0.344309,-0.136855,1.434184,-0.192936,-0.122790,0.123578,0.045806,-0.379951,0.035377,0.782516,0.395452,-0.153823,-0.260643
0.453899,1.109580,0.768649,0.027897,0.016257,-0.172256,-0.984523,-0.131115,0.394523,0.175770,0.568957,-0.336357,-0.215020,0.087719,-0.240397,-0.249636,0.410612,-0.393060,0.234174,-0.102028,0.049191,0.054748,-0.239134,0.339614,-0.132945,1.418064,-0.187424,-0.119282,0.120047,0.054497,-0.374238,0.034366,0.785016,0.384154,-0.149428,-0.253196
0.454771,1.108542,0.768352,0.027077,0.015779,-0.172244,-0.984556,-0.131115,0.394523,0.175770,0.568957,-0.336339,-0.215530,0.087719,-0.240397,-0.249636,0.410612,-0.393329,0.234090,-0.099027,0.047744,0.053138,-0.221806,0.334920,-0.129035,1.401945,-0.181911,-0.115773,0.116516,0.063189,-0.368525,0.033355,0.787515,0.372855,-0.145033,-0.245749
0.455643,1.107504,0.768055,0.026257,0.015301,-0.172232,-0.984588,-0.131115,0.394523,0.175770,0.568957,-0.336320,-0.216030,0.087719,-0.240397,-0.249636,0.410612,-0.393612,0.233986,-0.096026,0.046297,0.051527,-0.204479,0.330225,-0.125125,1.385825,-0.176399,-0.112265,0.112985,0.071880,-0.362812,0.032345,0.790015,0.361557,-0.140638,-0.238302
0.456515,1.106466,0.767756,0.025436,0.014823,-0.172220,-0.984619,-0.131115,0.394523,0.175770,0.568957,-0.336300,-0.216520,0.087719,-0.240397,-0.249636,0.410612,-0.393909,0.233862,-0.093025,0.044851,0.049917,-0.187151,0.325531,-0.121215,1.369706,-0.170886,-0.108757,0.109455,0.080571,-0.357099,0.031334,0.792514,0.350258,-0.136243,-0.230855
0.457387,1.105428,0.767458,0.024616,0.014345,-0.172207,-0.984649,-0.131115,0.394523,0.175770,0.568957,-0.336279,-0.217000,0.087719,-0.240397,-0.249636,0.410612,-0.394219,0.233718,-0.090025,0.043404,0.048307,-0.169824,0.320836,-0.117305,1.353586,-0.165374,-0.105248,0.105924,0.089262,-0.351386,0.030323,0.795014,0.338959,-0.131848,-0.223408
0.458259,1.104390,0.767158,0.023796,0.013867,-0.172195,-0.984678,-0.131115,0.394523,0.175770,0.568957,-0.336257,-0.217471,0.087719,-0.240397,-0.249636,0.410612,-0.394542,0.233554,-0.087024,0.041957,0.046697,-0.152496,0.316142,-0.113394,1.337467,-0.159861,-0.101740,0.102393,0.097954,-0.345673,0.029312,0.797513,0.327661,-0.127454,-0.215962
0.459131,1.103353,0.766859,0.022975,0.013389,-0.172182,-0.984706,-0.131115,0.394523,0.175770,0.568957,-0.336235,-0.217931,0.087719,-0.240397,-0.249636,0.410612,-0.394879,0.233370,-0.084023,0.040510,0.045086,-0.135169,0.311447,-0.109484,1.321347,-0.154349,-0.098232,0.098862,0.106645,-0.339960,0.028302,0.800013,0.316362,-0.123059,-0.208515
0.460003,1.102315,0.766558,0.022155,0.012911,-0.172169,-0.984734,-0.131115,0.394523,0.175770,0.568957,-0.336211,-0.218381,0.087719,-0.240397,-0.249636,0.410612,-0.395229,0.233167,-0.081022,0.039063,0.043476,-0.117841,0.306753,-0.105574,1.305228,-0.148836,-0.094724,0.095331,0.115336,-0.334248,0.027291,0.802512,0.305063,-0.118664,-0.201068
0.460875,1.101277,0.766258,0.021335,0.012433,-0.172156,-0.984760,-0.131115,0.394523,0.175770,0.568957,-0.336187,-0.218821,0.087719,-0.240397,-0.249636,0.410612,-0.395592,0.232945,-0.078021,0.037617,0.041866,-0.100514,0.302058,-0.101664,1.289108,-0.143324,-0.091215,0.091801,0.124027,-0.328535,0.026280,0.805012,0.293765,-0.114269,-0.193621
0.461747,1.100239,0.765957,0.020514,0.011955,-0.172143,-0.984786,-0.131115,0.394523,0.175770,0.568957,-0.336162,-0.219250,0.087719,-0.240397,-0.249636,0.410612,-0.395967,0.232703,-0.075021,0.036170,0.040256,-0.083187,0.297363,-0.097754,1.272988,-0.137812,-0.087707,0.088270,0.132719,-0.322822,0.025269,0.807512,0.282466,-0.109874,-0.186174
0.462619,1.099201,0.765655,0.019694,0.011477,-0.172130,-0.984810,-0.131115,0.394523,0.175770,0.568957,-0.336136,-0.219669,0.087719,-0.240397,-0.249636,0.410612,-0.396356,0.232443,-0.072020,0.034723,0.038646,-0.065859,0.292669,-0.093844,1.256869,-0.132299,-0.084199,0.084739,0.141410,-0.317109,0.024258,0.810011,0.271167,-0.105479,-0.178727
0.463491,1.098163,0.765353,0.018873,0.010999,-0.172117,-0.984834,-0.131115,0.394523,0.175770,0.568957,-0.336109,-0.220077,0.087719,-0.240397,-0.249636,0.410612,-0.396756,0.232164,-0.069019,0.033276,0.037035,-0.048532,0.287974,-0.089934,1.240749,-0.126787,-0.080690,0.081208,0.150101,-0.311396,0.023248,0.812511,0.259869,-0.101084,-0.171280
0.464363,1.097125,0.765051,0.018053,0.010520,-0.172103,-0.984857,-0.131115,0.394523,0.175770,0.568957,-0.336081,-0.220475,0.087719,-0.240397,-0.249636,0.410612,-0.397169,0.231867,-0.066018,0.031829,0.035425,-0.031204,0.283280,-0.086023,1.224630,-0.121274,-0.077182,0.077677,0.158792,-0.305683,0.022237,0.815010,0.248570,-0.096689,-0.163833
0.465235,1.096088,0.764748,0.017232,0.010042,-0.172089,-0.984879,-0.131115,0.394523,0.175770,0.568957,-0.336052,-0.220861,0.087719,-0.240397,-0.249636,0.410612,-0.397595,0.231551,-0.063017,0.030383,0.033815,-0.013877,0.278585,-0.082113,1.208510,-0.115762,-0.073674,0.074147,0.167484,-0.299970,0.021226,0.817510,0.237271,-0.092294,-0.156386
0.466107,1.095050,0.764410,0.016412,0.009564,-0.172075,-0.984901,-0.131115,0.394523,0.175770,0.568957,-0.336031,-0.221265,0.087719,-0.240397,-0.249636,0.410612,-0.398040,0.231222,-0.060016,0.028936,0.032205,0.003451,0.273891,-0.078203,1.192391,-0.110249,-0.070166,0.070616,0.176175,-0.294257,0.020215,0.820009,0.225973,-0.087899,-0.148939
0.466979,1.094012,0.764095,0.015591,0.009086,-0.172061,-0.984921,-0.131115,0.394523,0.175770,0.568957,-0.336003,-0.221639,0.087719,-0.240397,-0.249636,0.410612,-0.398493,0.230871,-0.057016,0.027489,0.030594,0.020778,0.269196,-0.074293,1.176271,-0.104737,-0.066657,0.067085,0.184866,-0.288545,0.019205,0.822509,0.214674,-0.083504,-0.141492
0.467851,1.092974,0.763845,0.014771,0.008608,-0.172047,-0.984940,-0.131115,0.394523,0.175770,0.568957,-0.335959,-0.221949,0.087719,-0.240397,-0.249636,0.410612,-0.398940,0.230495,-0.054015,0.026042,0.028984,0.038106,0.264502,-0.070383,1.160152,-0.099224,-0.063149,0.063554,0.193557,-0.282832,0.018194,0.825008,0.203376,-0.079109,-0.134045
0.468723,1.091936,0.763683,0.013950,0.008130,-0.172033,-0.984959,-0.131115,0.394523,0.175770,0.568957,-0.335893,-0.222170,0.087719,-0.240397,-0.249636,0.410612,-0.399373,0.230096,-0.051014,0.024596,0.027374,0.055433,0.259807,-0.066473,1.144032,-0.093712,-0.059641,0.060024,0.202249,-0.277119,0.017183,0.827508,0.192077,-0.074714,-0.126598
0.469595,1.090898,0.763618,0.013130,0.007652,-0.172018,-0.984977,-0.131115,0.394523,0.175770,0.568957,-0.335824,-0.222364,0.087719,-0.240397,-0.249636,0.410612,-0.399812,0.229684,-0.048013,0.023149,0.025764,0.072761,0.255113,-0.062562,1.127913,-0.088199,-0.056133,0.056493,0.210940,-0.271406,0.016172,0.830007,0.180778,-0.070319,-0.119151
0.470467,1.089860,0.763641,0.012309,0.007173,-0.172003,-0.984993,-0.131115,0.394523,0.175770,0.568957,-0.335731,-0.222459,0.087719,-0.240397,-0.249636,0.410612,-0.400233,0.229255,-0.045012,0.021702,0.024153,0.090088,0.250418,-0.058652,1.111793,-0.082687,-0.052624,0.052962,0.219631,-0.265693,0.015162,0.832507,0.169480,-0.065924,-0.111704
0.471339,1.088823,0.763729,0.011489,0.006695,-0.171989,-0.985009,-0.131115,0.394523,0.175770,0.568957,-0.335621,-0.222472,0.087719,-0.240397,-0.249636,0.410612,-0.400639,0.228814,-0.042011,0.020255,0.022543,0.107416,0.245724,-0.054742,1.095674,-0.077174,-0.049116,0.049431,0.228322,-0.259980,0.014151,0.835006,0.158181,-0.061529,-0.104257
0.472211,1.087785,0.763840,0.010668,0.006217,-0.171974,-0.985024,-0.131115,0.394523,0.175770,0.568957,-0.335504,-0.222438,0.087719,-0.240397,-0.249636,0.410612,-0.401043,0.228365,-0.039011,0.018808,0.020933,0.124743,0.241029,-0.050832,1.079554,-0.071662,-0.045608,0.045900,0.237014,-0.254267,0.013140,0.837506,0.146882,-0.057134,-0.096810
0.473083,1.086747,0.763915,0.009848,0.005739,-0.171958,-0.985038,-0.131115,0.394523,0.175770,0.568957,-0.335393,-0.222409,0.087719,-0.240397,-0.249636,0.410612,-0.401463,0.227909,-0.036010,0.017362,0.019323,0.142070,0.236334,-0.046922,1.063434,-0.066150,-0.042099,0.042370,0.245705,-0.248554,0.012129,0.840006,0.135584,-0.052739,-0.089363
0.473955,1.085709,0.763990,0.009027,0.005261,-0.171943,-0.985051,-0.131115,0.394523,0.175770,0.568957,-0.335279,-0.222354,0.087719,-0.240397,-0.249636,0.410612,-0.401888,0.227447,-0.033009,0.015915,0.017713,0.159398,0.231640,-0.043012,1.047315,-0.060637,-0.038591,0.038839,0.254396,-0.242842,0.011118,0.842505,0.124285,-0.048344,-0.081916
0.474826,1.084671,0.764065,0.008206,0.004782,-0.171928,-0.985064,-0.131115,0.394523,0.175770,0.568957,-0.335164,-0.222273,0.087719,-0.240397,-0.249636,0.410612,-0.402317,0.226977,-0.030008,0.014468,0.016102,0.176725,0.226945,-0.039102,1.031195,-0.055125,-0.035083,0.035308,0.263087,-0.237129,0.010108,0.845005,0.112986,-0.043949,-0.074469
0.475698,1.083633,0.764139,0.007386,0.004304,-0.171912,-0.985075,-0.131115,0.394523,0.175770,0.568957,-0.335046,-0.222165,0.087719,-0.240397,-0.249636,0.410612,-0.402751,0.226500,-0.027007,0.013021,0.014492,0.194053,0.222251,-0.035191,1.015076,-0.049612,-0.031575,0.031777,0.271779,-0.231416,0.009097,0.847504,0.101688,-0.039555,-0.067023
0.476570,1.082595,0.764213,0.006565,0.003826,-0.171896,-0.985086,-0.131115,0.394523,0.175770,0.568957,-0.334927,-0.222031,0.087719,-0.240397,-0.249636,0.410612,-0.403190,0.226015,-0.024007,0.011574,0.012882,0.211380,0.217556,-0.031281,0.998956,-0.044100,-0.028066,0.028246,0.280470,-0.225703,0.008086,0.850004,0.090389,-0.035160,-0.059576
0.477442,1.081558,0.764286,0.005745,0.003348,-0.171880,-0.985095,-0.131115,0.394523,0.175770,0.568957,-0.334805,-0.221869,0.087719,-0.240397,-0.249636,0.410612,-0.403634,0.225524,-0.021006,0.010128,0.011272,0.228708,0.212862,-0.027371,0.982837,-0.038587,-0.024558,0.024716,0.289161,-0.219990,0.007075,0.852503,0.079090,-0.030765,-0.052129
0.478314,1.080520,0.764359,0.004924,0.002869,-0.171864,-0.985104,-0.131115,0.394523,0.175770,0.568957,-0.334682,-0.221681,0.087719,-0.240397,-0.249636,0.410612,-0.404081,0.225025,-0.018005,0.008681,0.009661,0.246035,0.208167,-0.023461,0.966717,-0.033075,-0.021050,0.021185,0.297852,-0.214277,0.006065,0.855003,0.067792,-0.026370,-0.044682
0.479186,1.079482,0.764431,0.004103,0.002391,-0.171848,-0.985112,-0.131115,0.394523,0.175770,0.568957,-0.334556,-0.221465,0.087719,-0.240397,-0.249636,0.410612,-0.404534,0.224520,-0.015004,0.007234,0.008051,0.263363,0.203473,-0.019551,0.950598,-0.027562,-0.017541,0.017654,0.306544,-0.208564,0.005054,0.857502,0.056493,-0.021975,-0.037235
0.480058,1.078444,0.764503,0.003283,0.001913,-0.171832,-0.985119,-0.131115,0.394523,0.175770,0.568957,-0.334428,-0.221222,0.087719,-0.240397,-0.249636,0.410612,-0.404991,0.224008,-0.012003,0.005787,0.006441,0.280690,0.198778,-0.015641,0.934478,-0.022050,-0.014033,0.014123,0.315235,-0.202851,0.004043,0.860002,0.045195,-0.017580,-0.029788
0.480930,1.077406,0.764574,0.002462,0.001435,-0.171815,-0.985125,-0.131115,0.394523,0.175770,0.568957,-0.334298,-0.220950,0.087719,-0.240397,-0.249636,0.410612,-0.405452,0.223489,-0.009002,0.004340,0.004831,0.298018,0.194084,-0.011730,0.918359,-0.016537,-0.010525,0.010592,0.323926,-0.197139,0.003032,0.862501,0.033896,-0.013185,-0.022341
0.481802,1.076368,0.764645,0.001641,0.000956,-0.171798,-0.985130,-0.131115,0.394523,0.175770,0.568957,-0.334166,-0.220651,0.087719,-0.240397,-0.249636,0.410612,-0.405917,0.222964,-0.006002,0.002894,0.003220,0.315345,0.189389,-0.007820,0.902239,-0.011025,-0.007017,0.007062,0.332617,-0.191426,0.002022,0.865001,0.022597,-0.008790,-0.014894
0.482674,1.075330,0.764715,0.000821,0.000478,-0.171782,-0.985135,-0.131115,0.394523,0.175770,0.568957,-0.334032,-0.220324,0.087719,-0.240397,-0.249636,0.410612,-0.406387,0.222431,-0.003001,0.001447,0.001610,0.332673,0.184695,-0.003910,0.886120,-0.005512,-0.003508,0.003531,0.341309,-0.185713,0.001011,0.867500,0.011299,-0.004395,-0.007447
0.483546,1.074293,0.764784,-0.000000,-0.000000,-0.171765,-0.985138,-0.131115,0.394523,0.175770,0.568957,-0.333895,-0.219968,0.087719,-0.240397,-0.249636,0.410612,-0.406861,0.221893,0.000000,0.000000,0.000000,0.350000,0.180000,0.000000,0.870000,0.000000,0.000000,0.000000,0.350000,-0.180000,0.000000,0.870000,0.000000,0.000000,0.000000
