-0.033637,-0.021156,0.802670,0.000000,-0.000000,0.382395,0.923999,-0.200001,0.000002,-0.000000,0.420005,-0.223062,-0.000001,-0.191477,-0.000002,0.000000,0.420001,-0.229015,0.000001,0.000001,0.000001,0.000002,0.326463,0.180001,-0.000004,0.870004,0.000002,-0.000002,0.000002,0.326979,-0.180005,0.000006,0.870001,-0.000003,-0.000001,-0.000000
-0.033717,-0.021176,0.802761,0.001146,-0.000943,0.382393,0.923999,-0.203547,0.004434,-0.000278,0.433656,-0.228086,-0.003459,-0.191822,-0.005106,0.000635,0.422626,-0.229144,0.003818,0.001507,0.002277,0.005923,0.327413,0.182911,-0.010495,0.880954,0.004399,-0.004278,0.004428,0.327908,-0.193985,0.015091,0.872335,-0.006664,-0.003506,-0.000998
-0.033451,-0.021109,0.802457,0.002293,-0.001886,0.382384,0.923999,-0.207094,0.008868,-0.000557,0.447312,-0.232837,-0.006723,-0.190677,-0.010212,0.001270,0.425253,-0.230266,0.007634,0.003014,0.004554,0.011846,0.324253,0.185822,-0.020991,0.891909,0.008798,-0.008556,0.008857,0.324817,-0.207971,0.030184,0.874670,-0.013329,-0.007013,-0.001996
-0.032733,-0.020929,0.801636,0.003439,-0.002829,0.382365,0.924000,-0.210642,0.013304,-0.000835,0.460974,-0.237281,-0.009784,-0.187588,-0.015319,0.001906,0.427880,-0.232686,0.011454,0.004521,0.006832,0.017771,0.315721,0.188733,-0.031490,0.902868,0.013199,-0.012835,0.013287,0.316472,-0.221961,0.045281,0.877006,-0.019996,-0.010521,-0.002994
-0.031722,-0.020674,0.800478,0.004586,-0.003773,0.382340,0.924003,-0.214191,0.017739,-0.001114,0.474634,-0.241422,-0.012636,-0.183233,-0.020426,0.002541,0.430508,-0.235948,0.015278,0.006028,0.009109,0.023695,0.303695,0.191645,-0.041989,0.913825,0.017600,-0.017114,0.017717,0.304710,-0.235950,0.060377,0.879342,-0.026662,-0.014029,-0.003992
-0.030651,-0.020405,0.799253,0.005733,-0.004716,0.382313,0.924003,-0.217738,0.022174,-0.001392,0.488291,-0.245283,-0.015270,-0.178624,-0.025533,0.003177,0.433134,-0.239381,0.019106,0.007535,0.011386,0.029618,0.290966,0.194556,-0.052485,0.924781,0.021999,-0.021392,0.022146,0.292260,-0.249936,0.075470,0.881677,-0.033327,-0.017535,-0.004990
-0.029643,-0.020152,0.798099,0.006879,-0.005659,0.382285,0.924001,-0.221285,0.026608,-0.001670,0.501948,-0.248876,-0.017681,-0.174284,-0.030639,0.003812,0.435761,-0.242634,0.022935,0.009042,0.013663,0.035541,0.278979,0.197467,-0.062981,0.935736,0.026399,-0.025670,0.026574,0.280536,-0.263922,0.090563,0.884012,-0.039991,-0.021042,-0.005988
-0.028682,-0.019910,0.796998,0.008025,-0.006602,0.382258,0.923997,-0.224833,0.031042,-0.001949,0.515606,-0.252186,-0.019859,-0.170146,-0.035745,0.004447,0.438388,-0.245753,0.026767,0.010549,0.015941,0.041465,0.267551,0.200378,-0.073478,0.946692,0.030798,-0.029948,0.031003,0.269358,-0.277909,0.105656,0.886348,-0.046657,-0.024549,-0.006985
-0.027713,-0.019666,0.795889,0.009172,-0.007545,0.382230,0.923991,-0.228380,0.035477,-0.002227,0.529264,-0.255196,-0.021800,-0.165975,-0.040852,0.005082,0.441014,-0.248894,0.030601,0.012056,0.018218,0.047389,0.256031,0.203289,-0.083975,0.957648,0.035198,-0.034227,0.035433,0.258091,-0.291897,0.120750,0.888683,-0.053322,-0.028056,-0.007983
-0.026719,-0.019417,0.794752,0.010318,-0.008488,0.382200,0.923983,-0.231928,0.039912,-0.002506,0.542922,-0.257894,-0.023497,-0.161696,-0.045958,0.005718,0.443641,-0.252107,0.034439,0.013563,0.020495,0.053312,0.244216,0.206200,-0.094473,0.968604,0.039598,-0.038505,0.039862,0.246534,-0.305884,0.135845,0.891018,-0.059987,-0.031563,-0.008981
-0.025718,-0.019165,0.793606,0.011465,-0.009431,0.382170,0.923973,-0.235475,0.044347,-0.002784,0.556580,-0.260272,-0.024943,-0.157386,-0.051065,0.006353,0.446268,-0.255340,0.038281,0.015071,0.022772,0.059236,0.232313,0.209111,-0.104969,0.979560,0.043998,-0.042784,0.044291,0.234892,-0.319871,0.150938,0.893354,-0.066653,-0.035071,-0.009979
-0.024725,-0.018915,0.792470,0.012611,-0.010374,0.382139,0.923961,-0.239023,0.048781,-0.003062,0.570238,-0.262325,-0.026132,-0.153112,-0.056171,0.006988,0.448895,-0.258550,0.042125,0.016578,0.025050,0.065160,0.220507,0.212022,-0.115466,0.990516,0.048398,-0.047062,0.048720,0.223345,-0.333858,0.166032,0.895689,-0.073318,-0.038577,-0.010977
-0.023739,-0.018667,0.791341,0.013757,-0.011317,0.382107,0.923946,-0.242570,0.053216,-0.003341,0.583896,-0.264044,-0.027057,-0.148868,-0.061278,0.007624,0.451522,-0.261738,0.045973,0.018085,0.027327,0.071083,0.208787,0.214934,-0.125963,1.001472,0.052797,-0.051340,0.053149,0.211882,-0.347845,0.181126,0.898024,-0.079983,-0.042084,-0.011975
-0.022753,-0.018419,0.790212,0.014904,-0.012261,0.382074,0.923930,-0.246118,0.057651,-0.003619,0.597554,-0.265419,-0.027713,-0.144622,-0.066384,0.008259,0.454149,-0.264928,0.049823,0.019592,0.029604,0.077007,0.197060,0.217845,-0.136460,1.012428,0.057197,-0.055619,0.057578,0.200412,-0.361832,0.196220,0.900360,-0.086648,-0.045591,-0.012973
-0.021762,-0.018170,0.789079,0.016050,-0.013204,0.382041,0.923912,-0.249665,0.062085,-0.003898,0.611212,-0.266443,-0.028093,-0.140360,-0.071491,0.008894,0.456775,-0.268129,0.053677,0.021099,0.031881,0.082930,0.185290,0.220756,-0.146957,1.023384,0.061597,-0.059897,0.062007,0.188900,-0.375819,0.211313,0.902695,-0.093314,-0.049099,-0.013971
-0.020771,-0.017921,0.787945,0.017196,-0.014146,0.382006,0.923891,-0.253214,0.066520,-0.004176,0.624871,-0.267107,-0.028193,-0.136092,-0.076597,0.009529,0.459402,-0.271332,0.057534,0.022606,0.034159,0.088854,0.173504,0.223667,-0.157454,1.034340,0.065997,-0.064176,0.066436,0.177372,-0.389806,0.226407,0.905031,-0.099979,-0.052606,-0.014969
-0.019781,-0.017672,0.786811,0.018342,-0.015089,0.381971,0.923869,-0.256761,0.070955,-0.004454,0.638529,-0.267406,-0.028006,-0.131829,-0.081704,0.010164,0.462029,-0.274533,0.061395,0.024113,0.036436,0.094778,0.161730,0.226578,-0.167951,1.045296,0.070397,-0.068454,0.070865,0.165856,-0.403794,0.241501,0.907366,-0.106644,-0.056113,-0.015967
-0.018792,-0.017423,0.785679,0.019489,-0.016032,0.381935,0.923845,-0.260308,0.075389,-0.004733,0.652187,-0.267333,-0.027526,-0.127570,-0.086810,0.010800,0.464656,-0.277729,0.065259,0.025620,0.038713,0.100701,0.149970,0.229489,-0.178448,1.056253,0.074796,-0.072732,0.075294,0.154353,-0.417781,0.256596,0.909701,-0.113310,-0.059619,-0.016965
-0.017803,-0.017174,0.784547,0.020635,-0.016975,0.381898,0.923818,-0.263854,0.079824,-0.005012,0.665843,-0.266882,-0.026750,-0.123312,-0.091916,0.011437,0.467282,-0.280924,0.069127,0.027126,0.040989,0.106625,0.138209,0.232400,-0.188945,1.067208,0.079196,-0.077009,0.079723,0.142852,-0.431767,0.271689,0.912036,-0.119975,-0.063126,-0.017963
-0.016813,-0.016926,0.783414,0.021781,-0.017918,0.381860,0.923790,-0.267402,0.084259,-0.005290,0.679501,-0.266044,-0.025671,-0.119052,-0.097022,0.012072,0.469909,-0.284121,0.072998,0.028633,0.043267,0.112548,0.126444,0.235311,-0.199441,1.078163,0.083596,-0.081289,0.084153,0.131344,-0.445753,0.286782,0.914372,-0.126640,-0.066634,-0.018961
-0.015822,-0.016677,0.782281,0.022927,-0.018861,0.381822,0.923759,-0.270954,0.088693,-0.005567,0.693161,-0.264815,-0.024285,-0.114791,-0.102129,0.012704,0.472537,-0.287319,0.076872,0.030142,0.045546,0.118471,0.114675,0.238223,-0.209938,1.089119,0.087996,-0.085570,0.088581,0.119831,-0.459741,0.301875,0.916709,-0.133305,-0.070143,-0.019959
-0.014832,-0.016429,0.781148,0.024073,-0.019803,0.381783,0.923726,-0.274504,0.093128,-0.005844,0.706823,-0.263190,-0.022587,-0.110529,-0.107237,0.013336,0.475165,-0.290515,0.080750,0.031650,0.047824,0.124396,0.102906,0.241134,-0.220437,1.100078,0.092396,-0.089849,0.093010,0.108320,-0.473731,0.316971,0.919044,-0.139971,-0.073650,-0.020957
-0.013843,-0.016179,0.780016,0.025219,-0.020746,0.381742,0.923692,-0.278044,0.097563,-0.006125,0.720479,-0.261167,-0.020572,-0.106267,-0.112344,0.013977,0.477791,-0.293708,0.084633,0.033156,0.050098,0.130320,0.091139,0.244045,-0.230934,1.111036,0.096796,-0.094122,0.097439,0.096812,-0.487720,0.332068,0.921376,-0.146637,-0.077153,-0.021954
-0.012855,-0.015929,0.778884,0.026365,-0.021689,0.381699,0.923656,-0.281580,0.101998,-0.006407,0.734128,-0.258743,-0.018237,-0.102007,-0.117448,0.014623,0.480414,-0.296897,0.088521,0.034658,0.052371,0.136244,0.079375,0.246955,-0.241429,1.121988,0.101194,-0.098394,0.101870,0.085310,-0.501701,0.347160,0.923709,-0.153301,-0.080656,-0.022951
-0.011865,-0.015680,0.777751,0.027510,-0.022633,0.381657,0.923617,-0.285131,0.106431,-0.006684,0.747781,-0.255907,-0.015577,-0.097751,-0.122552,0.015258,0.483039,-0.300088,0.092409,0.036164,0.054651,0.142165,0.067612,0.249867,-0.251922,1.132935,0.105593,-0.102678,0.106299,0.073805,-0.515680,0.362246,0.926050,-0.159964,-0.084168,-0.023950
-0.010872,-0.015435,0.776617,0.028655,-0.023574,0.381619,0.923575,-0.288707,0.110864,-0.006953,0.761453,-0.252648,-0.012587,-0.093495,-0.127661,0.015870,0.485672,-0.303288,0.096298,0.037680,0.056941,0.148086,0.055848,0.252779,-0.262420,1.143893,0.109995,-0.106975,0.110725,0.062289,-0.529671,0.377335,0.928395,-0.166630,-0.087687,-0.024950
-0.009879,-0.015190,0.775483,0.029802,-0.024514,0.381578,0.923531,-0.292274,0.115301,-0.007226,0.775137,-0.248965,-0.009263,-0.089229,-0.132775,0.016483,0.488309,-0.306489,0.100194,0.039198,0.059224,0.154013,0.044075,0.255691,-0.272927,1.154869,0.114399,-0.111259,0.115151,0.050767,-0.543680,0.392442,0.930728,-0.173300,-0.091197,-0.025949
-0.008895,-0.014935,0.774352,0.030950,-0.025457,0.381528,0.923488,-0.295782,0.119740,-0.007519,0.788789,-0.244878,-0.005601,-0.084953,-0.137884,0.017146,0.490933,-0.309670,0.104103,0.040698,0.061479,0.159944,0.032299,0.258601,-0.283430,1.165840,0.118797,-0.115504,0.119584,0.039259,-0.557679,0.407560,0.933041,-0.179968,-0.094680,-0.026943
-0.007916,-0.014674,0.773222,0.032096,-0.026405,0.381470,0.923447,-0.299247,0.124176,-0.007824,0.802385,-0.240405,-0.001604,-0.080689,-0.142975,0.017856,0.493534,-0.312828,0.108020,0.042173,0.063723,0.165868,0.020535,0.261507,-0.293912,1.176769,0.123189,-0.119736,0.124022,0.027781,-0.571631,0.422647,0.935359,-0.186626,-0.098159,-0.027936
-0.006926,-0.014426,0.772091,0.033235,-0.027352,0.381423,0.923398,-0.302801,0.128601,-0.008096,0.815997,-0.235509,0.002729,-0.076458,-0.148062,0.018506,0.496142,-0.316001,0.111923,0.043665,0.066016,0.171777,0.008793,0.264418,-0.304381,1.187665,0.127582,-0.124042,0.128454,0.016300,-0.585559,0.437684,0.937726,-0.193279,-0.101688,-0.028936
-0.005912,-0.014203,0.770952,0.034374,-0.028286,0.381404,0.923336,-0.306531,0.133024,-0.008311,0.829742,-0.230109,0.007409,-0.072234,-0.153182,0.018994,0.498807,-0.319238,0.115806,0.045226,0.068378,0.177684,-0.002955,0.267339,-0.314884,1.198621,0.131994,-0.128447,0.132865,0.004755,-0.599565,0.452736,0.940129,-0.199948,-0.105278,-0.029949
-0.004901,-0.013979,0.769811,0.035528,-0.029211,0.381384,0.923272,-0.310242,0.137468,-0.008542,0.843583,-0.224190,0.012464,-0.067946,-0.158344,0.019455,0.501510,-0.322499,0.119709,0.046817,0.070706,0.183625,-0.014755,0.270259,-0.325445,1.209706,0.136420,-0.132787,0.137271,-0.006849,-0.613695,0.467911,0.942462,-0.206643,-0.108818,-0.030954
-0.003941,-0.013698,0.768683,0.036694,-0.030153,0.381302,0.923230,-0.313557,0.141936,-0.008909,0.857233,-0.216802,0.018820,-0.063580,-0.163474,0.020237,0.504129,-0.325647,0.123682,0.048290,0.072849,0.189599,-0.026594,0.273159,-0.335993,1.220787,0.140817,-0.136856,0.141717,-0.018371,-0.627782,0.483174,0.944650,-0.213328,-0.112180,-0.031929
-0.003027,-0.013366,0.767573,0.037841,-0.031132,0.381161,0.923209,-0.316528,0.146385,-0.009376,0.870490,-0.216543,0.019494,-0.059278,-0.168485,0.021389,0.506586,-0.328631,0.127689,0.049584,0.074889,0.195536,-0.038359,0.276039,-0.346401,1.231589,0.145161,-0.140797,0.146210,-0.029688,-0.641559,0.498259,0.946847,-0.219950,-0.115474,-0.032888
-0.002046,-0.013104,0.766451,0.038945,-0.032110,0.381094,0.923157,-0.320015,0.150760,-0.009647,0.883777,-0.216288,0.020153,-0.055200,-0.173451,0.022210,0.509063,-0.331693,0.131591,0.050958,0.077223,0.201364,-0.049967,0.278947,-0.356706,1.242126,0.149510,-0.145197,0.150666,-0.040981,-0.655128,0.512980,0.949365,-0.226530,-0.119085,-0.033898
-0.000903,-0.013020,0.765281,0.040047,-0.033010,0.381221,0.923026,-0.324741,0.155110,-0.009515,0.897940,-0.215706,0.020628,-0.051198,-0.178634,0.021920,0.511910,-0.335178,0.135335,0.052792,0.080064,0.207171,-0.061588,0.281926,-0.367219,1.253010,0.153983,-0.150318,0.154986,-0.052697,-0.669166,0.527739,0.952174,-0.233208,-0.123152,-0.034991
0.000253,-0.012956,0.764088,0.041243,-0.033837,0.381375,0.922880,-0.329550,0.159597,-0.009422,0.912896,-0.214796,0.020960,-0.046784,-0.184129,0.021276,0.515076,-0.338905,0.139167,0.054900,0.082762,0.213197,-0.073573,0.284915,-0.378164,1.264815,0.158569,-0.155147,0.159260,-0.064880,-0.684117,0.543332,0.954572,-0.240078,-0.126975,-0.036056
0.001065,-0.012524,0.762977,0.042513,-0.034745,0.381128,0.922891,-0.331732,0.164277,-0.010253,0.926722,-0.214282,0.021548,-0.041875,-0.189364,0.022716,0.517759,-0.341942,0.143369,0.056260,0.084207,0.219458,-0.085893,0.287701,-0.388968,1.276772,0.162992,-0.158108,0.163788,-0.076594,-0.698937,0.559657,0.955930,-0.246919,-0.129562,-0.036910
0.001494,-0.011717,0.762015,0.043539,-0.035805,0.380433,0.923089,-0.331109,0.168771,-0.011883,0.937519,-0.214911,0.022696,-0.037824,-0.193151,0.026909,0.519248,-0.343641,0.147346,0.056265,0.084708,0.225254,-0.097548,0.289972,-0.398000,1.286690,0.166938,-0.159816,0.168604,-0.086629,-0.711388,0.574610,0.957134,-0.253197,-0.131416,-0.037607
0.002333,-0.011547,0.761094,0.043777,-0.036527,0.380320,0.923096,-0.333852,0.172221,-0.011819,0.946951,-0.215873,0.023770,-0.037186,-0.194538,0.028418,0.520375,-0.345072,0.148965,0.056690,0.087187,0.229216,-0.106650,0.291368,-0.403364,1.293196,0.170434,-0.164550,0.172696,-0.095193,-0.720606,0.585144,0.960610,-0.258439,-0.135304,-0.038591
0.004830,-0.013684,0.760041,0.042873,-0.035799,0.382553,0.922244,-0.349035,0.173644,-0.006009,0.959891,-0.214519,0.023184,-0.041442,-0.193704,0.016964,0.522984,-0.348429,0.145465,0.061694,0.095054,0.230178,-0.111020,0.291666,-0.404274,1.297583,0.173709,-0.176855,0.173801,-0.104215,-0.728965,0.590061,0.967754,-0.262500,-0.143785,-0.040282
0.009580,-0.018997,0.758965,0.041015,-0.032626,0.388214,0.920078,-0.378790,0.172308,0.008574,0.977025,-0.208856,0.019814,-0.048447,-0.191876,-0.014357,0.526114,-0.353985,0.135764,0.074703,0.108168,0.228174,-0.108540,0.291446,-0.401944,1.301275,0.176463,-0.195930,0.169287,-0.115133,-0.739867,0.591369,0.976510,-0.265386,-0.155668,-0.042389
0.016016,-0.026482,0.758385,0.038736,-0.026986,0.396790,0.916695,-0.413518,0.167745,0.032453,0.987132,-0.200381,0.014293,-0.052671,-0.190186,-0.062325,0.522666,-0.357923,0.122161,0.095173,0.121965,0.224417,-0.097271,0.292754,-0.399152,1.300685,0.177583,-0.215237,0.157523,-0.126823,-0.753492,0.592367,0.982814,-0.267098,-0.166362,-0.043805
0.023251,-0.033845,0.758825,0.036369,-0.019639,0.406868,0.912551,-0.439696,0.159584,0.064310,0.970166,-0.193013,0.008064,-0.048856,-0.188497,-0.116395,0.502471,-0.354693,0.109029,0.118942,0.131466,0.220060,-0.076140,0.298272,-0.398283,1.287207,0.175993,-0.228670,0.138781,-0.136574,-0.766146,0.594744,0.984562,-0.267772,-0.172470,-0.043397
0.031188,-0.039148,0.760263,0.033895,-0.011179,0.417450,0.907999,-0.451734,0.147682,0.101655,0.911975,-0.188302,0.001012,-0.035799,-0.185404,-0.167335,0.461080,-0.342557,0.099093,0.141650,0.135422,0.215160,-0.046066,0.308855,-0.398774,1.255077,0.171576,-0.235595,0.115588,-0.142751,-0.774222,0.597849,0.983014,-0.267652,-0.174867,-0.040890
0.040474,-0.041788,0.762069,0.031319,-0.001762,0.428281,0.903101,-0.454127,0.132602,0.140432,0.816809,-0.182242,-0.009017,-0.016562,-0.179529,-0.211770,0.405300,-0.326225,0.091742,0.161305,0.135900,0.209203,-0.010292,0.322105,-0.396313,1.208459,0.164816,-0.239195,0.092478,-0.145831,-0.777613,0.600151,0.980226,-0.266799,-0.176639,-0.036986
0.051487,-0.042137,0.763517,0.028921,0.008182,0.439228,0.897873,-0.453452,0.115687,0.175554,0.704442,-0.171971,-0.025483,0.004793,-0.170943,-0.250052,0.348742,-0.313227,0.085116,0.177868,0.134791,0.202460,0.026661,0.334050,-0.385672,1.158581,0.155844,-0.241986,0.074343,-0.147152,-0.778698,0.600661,0.976427,-0.265277,-0.179327,-0.032692
0.063677,-0.040732,0.764231,0.027017,0.017511,0.449815,0.892541,-0.451801,0.098440,0.203273,0.596013,-0.138500,-0.038322,0.026230,-0.161250,-0.282777,0.302121,-0.308261,0.078545,0.191355,0.131999,0.196212,0.060697,0.342279,-0.365498,1.114356,0.144770,-0.244344,0.063637,-0.147210,-0.778964,0.599199,0.970297,-0.263724,-0.182147,-0.028616
0.075912,-0.037927,0.764098,0.025680,0.024916,0.459384,0.887517,-0.448261,0.082108,0.222846,0.504660,-0.093636,-0.046168,0.047594,-0.152146,-0.309775,0.268637,-0.311651,0.072529,0.201012,0.126815,0.191482,0.089470,0.347416,-0.340269,1.077654,0.133186,-0.245987,0.058777,-0.145095,-0.777511,0.596067,0.960835,-0.262981,-0.183958,-0.024857
0.087193,-0.033916,0.763016,0.024718,0.029704,0.467462,0.883168,-0.443104,0.068033,0.235506,0.437157,-0.053533,-0.048156,0.068635,-0.143974,-0.330599,0.247063,-0.321811,0.067378,0.206234,0.119688,0.187903,0.112848,0.352260,-0.317045,1.046905,0.124374,-0.247066,0.055319,-0.139368,-0.772596,0.591714,0.948165,-0.262718,-0.184632,-0.021244
0.097007,-0.028662,0.761005,0.023772,0.032042,0.473902,0.879673,-0.437738,0.057696,0.242648,0.396875,-0.029237,-0.044729,0.088448,-0.136011,-0.344971,0.235717,-0.336962,0.063082,0.207519,0.111772,0.183996,0.132279,0.359865,-0.300317,1.022027,0.121214,-0.247793,0.048937,-0.129509,-0.763697,0.586479,0.932841,-0.261068,-0.184343,-0.017576
0.105302,-0.021883,0.758475,0.022468,0.032607,0.478784,0.877039,-0.431736,0.051753,0.245743,0.381313,-0.022612,-0.037578,0.106702,-0.128059,-0.353139,0.232702,-0.354722,0.060319,0.205962,0.103367,0.178366,0.149235,0.371665,-0.290046,1.004565,0.123942,-0.247872,0.038337,-0.116553,-0.751657,0.580454,0.915423,-0.256304,-0.182501,-0.014143
0.112323,-0.013392,0.756113,0.020687,0.031992,0.482282,0.875187,-0.422414,0.049335,0.246970,0.380974,-0.028251,-0.028049,0.124003,-0.121107,-0.356027,0.235642,-0.372402,0.060340,0.202085,0.093754,0.170623,0.163728,0.386498,-0.283676,0.995157,0.130116,-0.246717,0.026235,-0.102418,-0.737283,0.573443,0.897280,-0.248488,-0.178196,-0.012533
0.118411,-0.003390,0.754440,0.018699,0.030361,0.484535,0.874045,-0.407462,0.048705,0.248451,0.385061,-0.039439,-0.015832,0.140461,-0.116316,-0.354963,0.243797,-0.389136,0.063264,0.195661,0.082417,0.161416,0.174263,0.401326,-0.278864,0.993020,0.136485,-0.244097,0.017070,-0.088632,-0.720393,0.565001,0.881101,-0.238771,-0.171625,-0.015399
0.123839,0.007824,0.753547,0.016875,0.027719,0.485661,0.873545,-0.386652,0.048346,0.250776,0.387913,-0.054934,-0.003236,0.154891,-0.114151,-0.351374,0.259769,-0.405287,0.069049,0.186438,0.069675,0.151855,0.179099,0.413183,-0.274624,0.997508,0.141016,-0.240401,0.012953,-0.075425,-0.700220,0.554938,0.869596,-0.227706,-0.164487,-0.024359
0.128812,0.020359,0.753250,0.015406,0.024387,0.486029,0.873467,-0.360965,0.047091,0.252934,0.389484,-0.076805,0.006693,0.165917,-0.114992,-0.346175,0.288010,-0.417607,0.077407,0.174367,0.056191,0.142953,0.176978,0.420671,-0.271554,1.008894,0.143727,-0.236211,0.012142,-0.061764,-0.676507,0.544261,0.863887,-0.215540,-0.158712,-0.037883
0.133560,0.034673,0.753373,0.014593,0.021041,0.486502,0.873304,-0.331208,0.043219,0.253696,0.391529,-0.105978,0.013994,0.172347,-0.120017,-0.338112,0.332378,-0.415323,0.088003,0.159094,0.042275,0.135446,0.166238,0.423933,-0.271941,1.027517,0.145998,-0.231760,0.011977,-0.046386,-0.650209,0.535234,0.864154,-0.203993,-0.154858,-0.051813
0.138343,0.050908,0.753829,0.015415,0.018316,0.488055,0.872484,-0.297683,0.033694,0.252710,0.393912,-0.138379,0.021510,0.170844,-0.131065,-0.322814,0.396433,-0.384851,0.101573,0.139954,0.027361,0.129917,0.143546,0.423712,-0.278828,1.052800,0.149130,-0.226937,0.012720,-0.029166,-0.623171,0.529805,0.871760,-0.196103,-0.151816,-0.062118
0.143293,0.068288,0.754491,0.019367,0.016519,0.490860,0.870867,-0.260363,0.014959,0.250485,0.392662,-0.168151,0.030510,0.154367,-0.149912,-0.295812,0.485672,-0.316486,0.121640,0.116925,0.009836,0.127045,0.104356,0.420848,-0.293780,1.082922,0.153564,-0.221712,0.017762,-0.011691,-0.597070,0.527958,0.889574,-0.193571,-0.147960,-0.066987
0.148241,0.085103,0.755114,0.027319,0.015632,0.493943,0.868924,-0.219006,-0.014328,0.247730,0.380801,-0.189584,0.041231,0.115933,-0.177205,-0.258020,0.606078,-0.204555,0.151393,0.091084,-0.011835,0.127805,0.045759,0.416674,-0.315440,1.114504,0.159027,-0.216204,0.030398,0.003608,-0.572712,0.527812,0.919643,-0.195008,-0.142425,-0.066868
0.152852,0.099401,0.755483,0.038328,0.015374,0.496054,0.867309,-0.173489,-0.050427,0.244482,0.352715,-0.199086,0.052629,0.055151,-0.210374,-0.217177,0.755865,-0.135842,0.179869,0.063670,-0.036640,0.133057,-0.030112,0.413190,-0.340357,1.142783,0.164277,-0.210256,0.051271,0.015189,-0.550336,0.526999,0.960789,-0.197314,-0.135331,-0.063706
0.156984,0.110136,0.755596,0.049613,0.015075,0.496816,0.866305,-0.124399,-0.084861,0.239578,0.309450,-0.198287,0.062181,-0.020219,-0.242274,-0.182438,0.917421,-0.094035,0.201040,0.035078,-0.059777,0.142474,-0.115746,0.412084,-0.364674,1.163744,0.165969,-0.203329,0.078520,0.023621,-0.530209,0.523819,1.008498,-0.198529,-0.127237,-0.060236
0.160690,0.117944,0.755652,0.058055,0.013504,0.496807,0.865812,-0.073467,-0.109209,0.231446,0.260030,-0.193317,0.068164,-0.099841,-0.264302,-0.157813,1.061407,-0.068452,0.211755,0.005299,-0.075304,0.154163,-0.202809,0.413753,-0.385116,1.176401,0.158627,-0.195221,0.108858,0.031115,-0.512591,0.517647,1.056825,-0.199160,-0.118884,-0.058642
0.163792,0.124679,0.755853,0.062178,0.009270,0.496527,0.865742,-0.023610,-0.120591,0.220079,0.217027,-0.191132,0.071432,-0.176671,-0.273150,-0.141648,1.163563,-0.061289,0.210791,-0.024882,-0.080965,0.166295,-0.288087,0.418146,-0.399472,1.179859,0.137338,-0.187131,0.138557,0.039549,-0.497365,0.508482,1.100390,-0.200679,-0.111246,-0.058957
0.165890,0.132161,0.756209,0.062795,0.001976,0.495614,0.866267,0.021514,-0.122262,0.208051,0.189751,-0.196137,0.073972,-0.247134,-0.273737,-0.131836,1.217350,-0.076686,0.198487,-0.053582,-0.079994,0.179370,-0.374448,0.427026,-0.406406,1.165441,0.101189,-0.182265,0.166026,0.048489,-0.484036,0.495668,1.135238,-0.202296,-0.105078,-0.059460
0.167114,0.141484,0.756536,0.061471,-0.006895,0.493225,0.867700,0.058597,-0.118724,0.198852,0.180534,-0.209864,0.076029,-0.308051,-0.273026,-0.129874,1.227024,-0.115737,0.177566,-0.078944,-0.077455,0.195926,-0.465207,0.444707,-0.404229,1.114286,0.054436,-0.184988,0.195550,0.054818,-0.471770,0.477211,1.159234,-0.199299,-0.099886,-0.059647
0.168526,0.153250,0.756667,0.058386,-0.014745,0.489024,0.870189,0.085997,-0.111088,0.194218,0.186235,-0.232685,0.075969,-0.356022,-0.270070,-0.138774,1.189842,-0.168212,0.154734,-0.100688,-0.074930,0.217034,-0.557989,0.475117,-0.390865,1.008856,0.005146,-0.197910,0.236727,0.054572,-0.459151,0.451501,1.172794,-0.185862,-0.093538,-0.062416
0.171305,0.167638,0.756676,0.052160,-0.019816,0.483477,0.873577,0.104317,-0.097908,0.193725,0.201230,-0.263678,0.073093,-0.389656,-0.254244,-0.157841,1.091522,-0.213412,0.138956,-0.120434,-0.069378,0.239361,-0.645189,0.517544,-0.367164,0.850680,-0.037154,-0.218842,0.296109,0.046149,-0.444598,0.420061,1.179030,-0.160488,-0.083686,-0.071931
0.175651,0.183756,0.756816,0.042139,-0.022100,0.477093,0.877564,0.115788,-0.079894,0.196729,0.218415,-0.298433,0.068979,-0.410771,-0.216433,-0.181755,0.923223,-0.248448,0.126015,-0.140039,-0.057606,0.256837,-0.720270,0.566076,-0.339995,0.665970,-0.063956,-0.241456,0.367903,0.032394,-0.427981,0.387351,1.182015,-0.128044,-0.070284,-0.088996
0.180993,0.199409,0.757139,0.030527,-0.022139,0.469693,0.882024,0.123275,-0.062189,0.203269,0.230656,-0.329839,0.064955,-0.422971,-0.162318,-0.205643,0.702284,-0.215399,0.089325,-0.159607,-0.041432,0.265516,-0.781955,0.613807,-0.319285,0.490785,-0.069891,-0.259992,0.435296,0.019075,-0.411827,0.356894,1.184214,-0.095748,-0.056553,-0.109498
0.187446,0.212598,0.757203,0.021437,-0.019595,0.460909,0.886972,0.130063,-0.050962,0.212514,0.234993,-0.353789,0.059438,-0.429470,-0.111503,-0.228790,0.473653,-0.105406,0.071025,-0.177589,-0.027293,0.266055,-0.831713,0.656671,-0.310550,0.349179,-0.054340,-0.272963,0.482922,0.010844,-0.400007,0.328564,1.185467,-0.068259,-0.046658,-0.127704
0.196508,0.223911,0.756340,0.017395,-0.013833,0.451440,0.892024,0.140031,-0.048251,0.221567,0.234825,-0.373240,0.049475,-0.431911,-0.081245,-0.251562,0.286750,-0.021389,0.077568,-0.192699,-0.020079,0.261389,-0.869299,0.692977,-0.311359,0.245182,-0.022696,-0.281938,0.507375,0.009114,-0.394532,0.300892,1.184480,-0.047204,-0.042178,-0.140296
0.209732,0.237009,0.754371,0.017118,-0.005614,0.443348,0.896169,0.156544,-0.050735,0.226871,0.235199,-0.394186,0.034872,-0.430306,-0.072347,-0.270916,0.166989,0.039455,0.075499,-0.204937,-0.018021,0.253457,-0.892374,0.721108,-0.315548,0.172255,0.014204,-0.287760,0.515743,0.013476,-0.393750,0.275108,1.181197,-0.032890,-0.041273,-0.147438
0.226918,0.255659,0.751954,0.016946,0.002771,0.438741,0.898450,0.180025,-0.052934,0.226398,0.236263,-0.417809,0.019498,-0.423873,-0.072163,-0.281915,0.109177,0.114141,0.033095,-0.214851,-0.014349,0.243046,-0.898550,0.738576,-0.319430,0.124988,0.044239,-0.289269,0.516806,0.023247,-0.394204,0.255067,1.177382,-0.023720,-0.041177,-0.151469
0.246314,0.279735,0.750077,0.014211,0.009024,0.438090,0.898773,0.207002,-0.050990,0.219892,0.235925,-0.441658,0.007531,-0.412296,-0.069059,-0.283416,0.097025,0.160098,-0.008435,-0.222679,-0.003448,0.231701,-0.885778,0.741822,-0.323231,0.102056,0.059516,-0.285834,0.514719,0.036796,-0.394490,0.243432,1.174644,-0.015935,-0.040715,-0.154800
0.266444,0.304535,0.749229,0.009174,0.011453,0.439919,0.897917,0.232096,-0.043896,0.207420,0.243855,-0.457596,0.000196,-0.396234,-0.061339,-0.280518,0.123046,0.149187,-0.022285,-0.228022,0.015438,0.222196,-0.852504,0.726708,-0.328462,0.105846,0.059009,-0.279775,0.507446,0.051031,-0.397089,0.240260,1.172785,-0.008648,-0.040180,-0.157237
0.286846,0.324494,0.749156,0.004116,0.008104,0.442105,0.896917,0.249509,-0.031123,0.188680,0.290867,-0.456997,-0.006749,-0.376394,-0.053574,-0.280805,0.186373,0.092616,-0.017178,-0.229129,0.039980,0.216984,-0.800259,0.691324,-0.336648,0.145657,0.047927,-0.274323,0.487295,0.063030,-0.406020,0.246423,1.171313,-0.009638,-0.039627,-0.154552
0.306940,0.337530,0.749305,0.000990,-0.002900,0.443396,0.896321,0.250848,-0.008419,0.164815,0.412549,-0.411125,-0.022951,-0.352454,-0.048279,-0.287827,0.277861,0.021430,-0.020662,-0.222324,0.068039,0.217165,-0.735808,0.638862,-0.351037,0.238607,0.035722,-0.268562,0.444530,0.070913,-0.422718,0.266822,1.171586,-0.030954,-0.038566,-0.141752
0.325319,0.345989,0.749296,0.000192,-0.020921,0.443831,0.895866,0.223924,0.032028,0.141625,0.611690,-0.367050,-0.041739,-0.323359,-0.043335,-0.297741,0.376407,-0.055629,-0.028225,-0.203277,0.097732,0.223284,-0.667943,0.576547,-0.376272,0.398738,0.032119,-0.256543,0.375670,0.070887,-0.445701,0.308027,1.174072,-0.075127,-0.038076,-0.119626
0.340657,0.354357,0.749063,0.001380,-0.041681,0.443964,0.895074,0.158555,0.092946,0.130109,0.839291,-0.321900,-0.050437,-0.288231,-0.036704,-0.302789,0.460762,-0.127873,-0.036531,-0.169412,0.125520,0.236324,-0.599385,0.512478,-0.411907,0.617688,0.041429,-0.234015,0.290358,0.053833,-0.476404,0.371677,1.171838,-0.128785,-0.042842,-0.096741
0.352422,0.366458,0.748876,0.004741,-0.059862,0.443743,0.894140,0.054813,0.162882,0.141230,1.023819,-0.293382,-0.037239,-0.246722,-0.032011,-0.298913,0.520621,-0.190682,-0.039529,-0.121252,0.146749,0.257127,-0.521281,0.454740,-0.444914,0.854665,0.060216,-0.205364,0.207701,0.007801,-0.524489,0.449982,1.150201,-0.173885,-0.059245,-0.083052
0.360384,0.383622,0.749316,0.011029,-0.072572,0.442252,0.893882,-0.075373,0.219867,0.177602,1.118242,-0.298845,-0.004381,-0.200037,-0.038140,-0.289724,0.557041,-0.242319,-0.032172,-0.062699,0.158801,0.285129,-0.418557,0.410829,-0.451973,1.051901,0.081150,-0.180829,0.144274,-0.074100,-0.602161,0.528277,1.098400,-0.202989,-0.089257,-0.082544
0.364463,0.403887,0.750920,0.020447,-0.079846,0.438950,0.894723,-0.213303,0.246728,0.229584,1.108920,-0.327768,0.029121,-0.153269,-0.061727,-0.282502,0.577529,-0.281853,-0.014382,-0.000979,0.162761,0.318258,-0.284081,0.383766,-0.413836,1.169054,0.096861,-0.166340,0.107177,-0.188754,-0.709213,0.593622,1.022726,-0.219585,-0.125735,-0.093755
0.365614,0.422736,0.753606,0.031540,-0.082707,0.435173,0.895985,-0.340549,0.242237,0.280670,0.990084,-0.346911,0.037594,-0.115400,-0.098989,-0.280803,0.591362,-0.310399,0.008061,0.055395,0.161999,0.353871,-0.127728,0.369976,-0.328564,1.206168,0.098476,-0.158512,0.098498,-0.326548,-0.826611,0.642786,0.943923,-0.226172,-0.155635,-0.115790
0.366171,0.435808,0.756516,0.041261,-0.081979,0.433654,0.896393,-0.447294,0.219066,0.318126,0.762004,-0.283530,0.017063,-0.093659,-0.135964,-0.281625,0.604779,-0.331564,0.026758,0.101556,0.160255,0.388825,0.029033,0.366078,-0.209281,1.192597,0.074972,-0.150373,0.122047,-0.478412,-0.930062,0.682768,0.878986,-0.218842,-0.169908,-0.150670
0.368648,0.442181,0.758597,0.047050,-0.078830,0.435783,0.895358,-0.538710,0.194577,0.338953,0.465064,-0.185483,-0.044655,-0.086453,-0.159204,-0.279516,0.618068,-0.349500,0.036700,0.139856,0.160925,0.418705,0.165347,0.378597,-0.070590,1.156390,0.020307,-0.140036,0.182372,-0.637408,-1.009499,0.723488,0.827812,-0.195621,-0.170119,-0.199717
0.373926,0.445219,0.759405,0.049696,-0.075303,0.439497,0.893701,-0.630462,0.182373,0.346400,0.188497,-0.038733,-0.106498,-0.083535,-0.167900,-0.272633,0.628329,-0.366691,0.039003,0.177113,0.166297,0.438864,0.268038,0.422767,0.079890,1.107318,-0.058245,-0.132966,0.278697,-0.794453,-1.072343,0.769168,0.778378,-0.165206,-0.164740,-0.260290
0.380358,0.449693,0.759410,0.053516,-0.073058,0.440725,0.893062,-0.733181,0.186835,0.343089,0.016714,0.088978,-0.150678,-0.075245,-0.175040,-0.264210,0.634661,-0.383144,0.037870,0.217324,0.176267,0.447709,0.333770,0.510031,0.240081,1.043362,-0.141577,-0.137169,0.401826,-0.936618,-1.129487,0.815592,0.719505,-0.141662,-0.160553,-0.327162
0.384708,0.457982,0.759621,0.062303,-0.071111,0.437286,0.894339,-0.840653,0.202228,0.329422,-0.033682,0.162815,-0.169983,-0.062007,-0.195034,-0.257641,0.639048,-0.396765,0.037151,0.256972,0.188392,0.448303,0.370174,0.639085,0.410252,0.962212,-0.208843,-0.156822,0.535488,-1.052197,-1.182016,0.854844,0.644424,-0.130556,-0.159419,-0.395036
0.384496,0.469345,0.760915,0.075085,-0.065509,0.430781,0.896939,-0.934705,0.217685,0.306767,-0.012493,0.181682,-0.171882,-0.054299,-0.229997,-0.250457,0.642835,-0.404380,0.040247,0.287002,0.199363,0.445878,0.390336,0.798747,0.588874,0.862581,-0.246384,-0.189586,0.659490,-1.136906,-1.221863,0.882924,0.547017,-0.124585,-0.161806,-0.458138
0.379861,0.482328,0.763514,0.087312,-0.052346,0.423888,0.899975,-1.002030,0.224443,0.277226,0.027442,0.161663,-0.165967,-0.063552,-0.269984,-0.234634,0.644560,-0.402890,0.050709,0.298697,0.205000,0.444284,0.397730,0.975404,0.761364,0.741474,-0.251070,-0.228847,0.754900,-1.194305,-1.243088,0.903074,0.424446,-0.113835,-0.169679,-0.509100
0.373178,0.496771,0.766875,0.096411,-0.031273,0.416120,0.903643,-1.045753,0.218975,0.238315,0.086528,0.115651,-0.156275,-0.094816,-0.306515,-0.203158,0.642489,-0.390722,0.070333,0.288023,0.199061,0.444941,0.378171,1.158272,0.892332,0.600513,-0.230290,-0.267571,0.811700,-1.229117,-1.249586,0.920971,0.287783,-0.096934,-0.184240,-0.540819
0.366719,0.513409,0.769926,0.103617,-0.005116,0.403612,0.909030,-1.080257,0.200442,0.182538,0.215085,0.050155,-0.144359,-0.150851,-0.340536,-0.153595,0.639506,-0.369633,0.096631,0.256038,0.175974,0.447683,0.318654,1.345219,0.948812,0.457914,-0.199329,-0.300300,0.833775,-1.239141,-1.247512,0.936899,0.166231,-0.081123,-0.202095,-0.549863
0.360517,0.532579,0.771382,0.107925,0.025034,0.382917,0.917115,-1.115209,0.167690,0.107740,0.458497,-0.029682,-0.133032,-0.242078,-0.370682,-0.084444,0.644048,-0.345540,0.123607,0.206444,0.138405,0.451258,0.242022,1.546375,0.953082,0.344526,-0.174334,-0.324153,0.834475,-1.218689,-1.227382,0.946240,0.094747,-0.074714,-0.215195,-0.538854
0.352075,0.553539,0.770109,0.100210,0.063636,0.352427,0.928280,-1.146220,0.121564,0.026693,0.799410,-0.121883,-0.122291,-0.382853,-0.375902,0.005468,0.661440,-0.324977,0.146740,0.142604,0.100745,0.453401,0.214856,1.771049,1.001753,0.276600,-0.163679,-0.340253,0.824275,-1.179349,-1.159575,0.950549,0.092946,-0.080936,-0.215078,-0.518038
0.337941,0.574398,0.765938,0.068768,0.116662,0.308553,0.941518,-1.161564,0.071498,-0.038694,1.146847,-0.231180,-0.104539,-0.567994,-0.323593,0.106760,0.680111,-0.307850,0.167067,0.066861,0.079280,0.452093,0.302106,1.999949,1.189704,0.238540,-0.164861,-0.352199,0.800940,-1.162483,-1.021942,0.962280,0.154051,-0.095744,-0.198596,-0.502934
0.316464,0.592912,0.760700,0.013582,0.181808,0.243803,0.952534,-1.155790,0.038701,-0.073448,1.387962,-0.361439,-0.070538,-0.757577,-0.207023,0.192129,0.671544,-0.286616,0.189115,-0.016184,0.072961,0.448214,0.503049,2.179368,1.493904,0.213736,-0.168946,-0.359052,0.750882,-1.202628,-0.840587,0.984579,0.258718,-0.108679,-0.171319,-0.502201
0.290362,0.608483,0.758141,-0.046495,0.244561,0.154505,0.956115,-1.135623,0.047966,-0.078142,1.464676,-0.502234,-0.021364,-0.898965,-0.069073,0.229884,0.617453,-0.257153,0.211178,-0.096321,0.053168,0.446890,0.740291,2.263310,1.764816,0.238293,-0.167444,-0.350232,0.660076,-1.256948,-0.692968,0.980533,0.405267,-0.108184,-0.144291,-0.502747
0.266548,0.623599,0.761911,-0.087760,0.288546,0.049574,0.952146,-1.115834,0.109472,-0.067131,1.409688,-0.628527,0.029439,-0.964351,0.026979,0.209472,0.542312,-0.226650,0.231877,-0.159824,-0.019518,0.454283,0.926014,2.264295,1.869040,0.395996,-0.157097,-0.313423,0.525299,-1.197973,-0.650814,0.879422,0.615345,-0.090269,-0.124950,-0.474274
0.251868,0.642185,0.773235,-0.107752,0.309334,-0.054350,0.943264,-1.111348,0.208973,-0.066599,1.309690,-0.740473,0.059078,-0.953854,0.054120,0.150899,0.506089,-0.227777,0.261644,-0.192952,-0.157617,0.471300,1.039835,2.245165,1.826045,0.725454,-0.141192,-0.251715,0.357925,-0.929596,-0.715371,0.638734,0.890496,-0.061394,-0.112460,-0.400417
0.247912,0.665573,0.791118,-0.132797,0.315005,-0.144147,0.928633,-1.127053,0.326095,-0.107321,1.229220,-0.761046,0.041867,-0.865789,0.038959,0.088040,0.550056,-0.272680,0.287739,-0.179261,-0.324574,0.491171,1.128228,2.245852,1.763508,1.136403,-0.126673,-0.188638,0.180946,-0.514059,-0.823425,0.302129,1.169970,-0.029218,-0.104748,-0.305532
0.250358,0.690330,0.815099,-0.194542,0.315557,-0.213135,0.903964,-1.146783,0.464764,-0.199697,1.161912,-0.712784,0.028696,-0.691425,0.016992,0.044752,0.653702,-0.251759,0.252118,-0.099158,-0.458654,0.504861,1.214055,2.218601,1.729476,1.454644,-0.118929,-0.149409,0.028280,-0.139141,-0.923182,-0.021127,1.354124,0.007713,-0.107485,-0.241069
0.254076,0.710920,0.846272,-0.294345,0.314113,-0.256527,0.865383,-1.136099,0.650186,-0.312372,1.048305,-0.663351,0.016776,-0.452168,-0.019068,0.025587,0.759512,-0.269844,0.242787,0.053572,-0.523216,0.508551,1.217291,2.053530,1.591638,1.565695,-0.118845,-0.138409,-0.050445,0.043309,-1.024752,-0.235480,1.367900,0.055404,-0.130097,-0.243560
0.258924,0.725351,0.883889,-0.395089,0.310757,-0.273657,0.820028,-1.070975,0.884522,-0.392933,0.841174,-0.584622,-0.021608,-0.217790,-0.109026,0.023184,0.838979,-0.302116,0.233832,0.250030,-0.530347,0.505062,1.009595,1.695278,1.178431,1.499183,-0.123620,-0.140515,-0.001683,0.008322,-1.159456,-0.306558,1.196194,0.110736,-0.173129,-0.311288
0.270081,0.738594,0.921898,-0.463187,0.310442,-0.274804,0.783305,-0.970751,1.113964,-0.417201,0.565844,-0.460240,-0.088185,-0.062052,-0.261520,0.029195,0.915885,-0.338857,0.214714,0.429614,-0.517191,0.499610,0.577043,1.237308,0.518426,1.372034,-0.128472,-0.141828,0.183750,-0.184620,-1.307553,-0.246002,0.886564,0.159019,-0.225412,-0.417081
0.292361,0.759634,0.951291,-0.506965,0.319923,-0.274073,0.752010,-0.895283,1.248398,-0.408006,0.333060,-0.319987,-0.126634,-0.010954,-0.422726,0.038732,1.020728,-0.355217,0.176713,0.530503,-0.508734,0.496246,0.090094,0.869437,-0.127756,1.272680,-0.128253,-0.141476,0.431048,-0.446915,-1.395323,-0.088413,0.540730,0.185388,-0.274203,-0.532754
0.324294,0.793525,0.965952,-0.564394,0.343627,-0.279178,0.696735,-0.902322,1.214878,-0.404281,0.286726,-0.298761,0.016844,-0.055927,-0.525529,0.050361,1.146656,-0.330655,0.126474,0.516938,-0.504889,0.497444,-0.240351,0.714302,-0.507401,1.206166,-0.120701,-0.143990,0.623365,-0.674910,-1.363443,0.108121,0.274293,0.184402,-0.312933,-0.643182
0.358187,0.835588,0.964542,-0.658084,0.383789,-0.288435,0.580032,-1.004810,1.007523,-0.423625,0.501685,-0.522270,0.510380,-0.203424,-0.553335,0.066741,1.267654,-0.274459,0.079431,0.389591,-0.491066,0.504000,-0.355433,0.732703,-0.598175,1.127387,-0.109925,-0.148595,0.697000,-0.786221,-1.220667,0.273772,0.146794,0.161818,-0.340388,-0.746192
0.385829,0.874065,0.947939,-0.760865,0.438732,-0.291243,0.379179,-1.162856,0.707488,-0.457240,0.905020,-0.401043,0.313810,-0.475369,-0.534455,0.093309,1.380773,-0.227095,0.040776,0.189973,-0.451693,0.513846,-0.352287,0.791925,-0.563049,1.003989,-0.105633,-0.149826,0.675173,-0.773329,-1.029785,0.368335,0.133597,0.136846,-0.359811,-0.837646
0.403605,0.899167,0.918412,-0.813499,0.501622,-0.274258,0.106669,-1.312630,0.445621,-0.488706,1.313632,-0.216065,0.319013,-0.852167,-0.490980,0.131844,1.504058,-0.228587,0.001591,-0.008142,-0.380281,0.521985,-0.326850,0.796337,-0.546382,0.845838,-0.116640,-0.145024,0.611278,-0.687772,-0.855775,0.405776,0.175987,0.143930,-0.378758,-0.892017
0.412641,0.909640,0.881411,-0.773788,0.558864,-0.232020,-0.187322,-1.411773,0.314103,-0.506310,1.575805,-0.345538,-0.067380,-1.240762,-0.426299,0.176355,1.639994,-0.281911,-0.043568,-0.137811,-0.288982,0.523426,-0.278969,0.742640,-0.571009,0.691342,-0.142889,-0.137106,0.533240,-0.560781,-0.732891,0.427998,0.240870,0.216924,-0.401193,-0.867333
0.416081,0.911386,0.844641,-0.654512,0.593314,-0.177567,-0.433662,-1.468453,0.301920,-0.499466,1.677330,-0.458808,-0.026596,-1.521855,-0.359819,0.219270,1.765105,0.188843,-0.781016,-0.184165,-0.209379,0.518027,-0.169972,0.681078,-0.596282,0.585364,-0.173469,-0.129917,0.449233,-0.372346,-0.667557,0.460999,0.322220,0.354459,-0.415872,-0.745778
0.417672,0.911480,0.813856,-0.517262,0.598914,-0.136391,-0.595936,-1.524256,0.322229,-0.457015,1.710685,-0.526826,-0.006489,-1.626804,-0.338361,0.259757,1.856620,0.055044,-0.576356,-0.185786,-0.174212,0.513344,-0.010800,0.650908,-0.599972,0.570182,-0.194477,-0.123889,0.372129,-0.110970,-0.649545,0.499309,0.415900,0.504339,-0.398827,-0.568975
0.421738,0.914024,0.790632,-0.408758,0.577500,-0.120016,-0.696424,-1.594832,0.300869,-0.378491,1.761875,-0.511604,-0.012076,-1.560621,-0.391856,0.298216,1.909474,0.040630,-0.498300,-0.189384,-0.191199,0.519273,0.139666,0.649324,-0.584064,0.671209,-0.199815,-0.118207,0.313727,0.168547,-0.650621,0.518263,0.524820,0.598431,-0.335774,-0.415982
0.431933,0.919844,0.773953,-0.333052,0.527741,-0.118505,-0.772349,-1.621849,0.234442,-0.281649,1.834641,-0.415762,-0.036235,-1.364597,-0.488940,0.319120,1.919281,-0.002683,-0.505406,-0.209196,-0.234267,0.533394,0.239154,0.646897,-0.539153,0.867792,-0.194034,-0.114629,0.268721,0.377380,-0.628528,0.490291,0.673348,0.607314,-0.243148,-0.338873
0.448812,0.928011,0.762086,-0.276585,0.454205,-0.117053,-0.838748,-1.503076,0.172680,-0.190515,1.863706,-0.286275,-0.065385,-1.083645,-0.555412,0.288913,1.867253,-0.156389,-0.335389,-0.228616,-0.261306,0.532024,0.293246,0.623573,-0.440630,1.086351,-0.187188,-0.115713,0.225472,0.477006,-0.555339,0.399547,0.880729,0.556812,-0.160816,-0.327893
0.469209,0.937511,0.752722,-0.227383,0.374027,-0.112874,-0.891998,-1.196698,0.159664,-0.118298,1.786284,-0.192455,-0.087264,-0.772088,-0.539939,0.186873,1.745642,-0.336555,-0.165816,-0.228863,-0.243253,0.487436,0.321227,0.586732,-0.284642,1.244417,-0.190247,-0.122045,0.190554,0.510299,-0.445557,0.256078,1.119140,0.496988,-0.120240,-0.339418
0.488488,0.948175,0.743362,-0.176391,0.304910,-0.114620,-0.928859,-0.791860,0.195184,-0.066709,1.605824,-0.191763,-0.094607,-0.499677,-0.456011,0.039989,1.593938,-0.483246,-0.098553,-0.208927,-0.182911,0.401872,0.311650,0.557290,-0.112161,1.303603,-0.213038,-0.136144,0.188316,0.545021,-0.345301,0.095906,1.324089,0.462329,-0.122324,-0.344222
0.503145,0.959946,0.733876,-0.120415,0.254907,-0.128234,-0.950831,-0.448678,0.244910,-0.035774,1.389922,-0.291187,-0.086665,-0.319929,-0.361588,-0.088574,1.479473,-0.599739,-0.069710,-0.182767,-0.110784,0.314798,0.229978,0.546051,0.015478,1.272080,-0.259826,-0.165904,0.232276,0.600992,-0.291183,-0.040608,1.447314,0.456302,-0.146405,-0.343319
0.511539,0.971325,0.729380,-0.068551,0.224323,-0.148220,-0.960735,-0.263835,0.279731,-0.023361,1.204368,-0.432478,-0.170104,-0.229660,-0.306240,-0.154760,1.425882,-0.639090,-0.044618,-0.164112,-0.060665,0.263633,0.067519,0.548190,0.065289,1.167095,-0.323118,-0.217482,0.305102,0.640314,-0.285975,-0.132239,1.475242,0.463490,-0.174169,-0.348377
0.513409,0.979609,0.738715,-0.035369,0.207108,-0.163164,-0.963967,-0.211548,0.301414,-0.015413,1.058565,-0.423901,-0.180366,-0.175756,-0.299562,-0.168542,1.377436,-0.577434,-0.034064,-0.154309,-0.045011,0.242890,-0.136262,0.556192,0.052919,0.994605,-0.383590,-0.285698,0.374312,0.617413,-0.310278,-0.179427,1.400833,0.471503,-0.200901,-0.360153
0.509632,0.983328,0.766825,-0.024810,0.191232,-0.167412,-0.966844,-0.208067,0.331044,0.011038,0.925227,-0.330807,-0.178877,-0.109118,-0.320079,-0.169866,1.253601,-0.460620,0.021911,-0.142729,-0.051806,0.215234,-0.326686,0.570133,0.018577,0.764858,-0.420016,-0.355653,0.424659,0.526206,-0.343749,-0.191280,1.219449,0.481024,-0.228205,-0.368722
0.502182,0.983890,0.807468,-0.027034,0.166034,-0.164516,-0.971924,-0.202086,0.379915,0.066471,0.798400,-0.199433,-0.212866,-0.026454,-0.340842,-0.182812,1.034912,-0.402085,0.140469,-0.118671,-0.061830,0.158848,-0.474947,0.593693,-0.008289,0.512455,-0.422157,-0.412747,0.466088,0.401938,-0.372288,-0.177421,0.967968,0.497361,-0.253425,-0.367904
0.493317,0.984429,0.845539,-0.029541,0.131276,-0.160879,-0.977759,-0.195312,0.439049,0.134472,0.707237,-0.064973,-0.254341,0.041319,-0.344324,-0.202038,0.783639,-0.340588,0.214649,-0.082392,-0.064765,0.089934,-0.580669,0.625049,-0.021783,0.290578,-0.396383,-0.449798,0.510692,0.288575,-0.387410,-0.149003,0.732066,0.517986,-0.269671,-0.362064
0.484239,0.987534,0.868465,-0.026385,0.096668,-0.159263,-0.982138,-0.203909,0.493313,0.185653,0.675191,0.054637,-0.277903,0.071080,-0.324774,-0.213678,0.583967,-0.247300,0.240093,-0.043948,-0.060179,0.039128,-0.649349,0.655474,-0.029531,0.141402,-0.361274,-0.467913,0.553649,0.209037,-0.388282,-0.118083,0.584253,0.533168,-0.273777,-0.358675
0.474786,0.994403,0.874726,-0.017749,0.072217,-0.158539,-0.984548,-0.226147,0.535546,0.204674,0.689108,0.100296,-0.273700,0.070360,-0.287864,-0.214920,0.473494,-0.186342,0.240200,-0.013460,-0.049954,0.019146,-0.679979,0.675470,-0.038324,0.071189,-0.337846,-0.473309,0.580589,0.161258,-0.382161,-0.092417,0.526093,0.537493,-0.269662,-0.359768
0.464712,1.005423,0.871039,-0.005375,0.060275,-0.157450,-0.985671,-0.245768,0.565259,0.199252,0.715124,0.070536,-0.266285,0.064104,-0.247765,-0.212289,0.431170,-0.177363,0.230603,0.004805,-0.034419,0.020193,-0.669470,0.679422,-0.048202,0.058689,-0.340089,-0.471358,0.583181,0.132752,-0.378262,-0.073994,0.506936,0.535777,-0.263451,-0.363032
0.454944,1.020567,0.863824,0.009230,0.056247,-0.157003,-0.985952,-0.250571,0.580768,0.185925,0.730287,-0.001452,-0.269683,0.069139,-0.218373,-0.210232,0.415533,-0.186232,0.229862,0.010073,-0.014415,0.027591,-0.620925,0.664765,-0.056210,0.091917,-0.368970,-0.460476,0.560207,0.113093,-0.380730,-0.063480,0.488018,0.536252,-0.258125,-0.367091
0.447295,1.039133,0.855557,0.023652,0.054232,-0.159222,-0.985468,-0.239875,0.577181,0.174608,0.730798,-0.108295,-0.273711,0.084023,-0.204983,-0.207683,0.402731,-0.200004,0.241921,0.001290,0.006539,0.035071,-0.548351,0.630081,-0.063349,0.192543,-0.410492,-0.431717,0.510114,0.095735,-0.387604,-0.061901,0.475216,0.540409,-0.252824,-0.371220
0.443144,1.059523,0.847425,0.034367,0.050764,-0.164295,-0.984504,-0.219074,0.551405,0.167374,0.719050,-0.223827,-0.266564,0.097832,-0.204573,-0.204077,0.392326,-0.219324,0.257027,-0.021537,0.023919,0.043037,-0.474409,0.576458,-0.075776,0.395504,-0.439088,-0.377386,0.432102,0.076132,-0.394809,-0.065489,0.497223,0.540712,-0.244467,-0.371224
0.442586,1.079436,0.841649,0.038966,0.044849,-0.169813,-0.983684,-0.193622,0.508102,0.164499,0.694263,-0.301916,-0.246832,0.103118,-0.211807,-0.203755,0.390604,-0.226547,0.263387,-0.053382,0.035662,0.051607,-0.418583,0.510706,-0.097700,0.699419,-0.429582,-0.302373,0.335352,0.053034,-0.399909,-0.062781,0.565117,0.527883,-0.230052,-0.360687
0.444469,1.096272,0.840065,0.038198,0.036921,-0.173072,-0.983475,-0.168200,0.460112,0.166241,0.656802,-0.335752,-0.222407,0.100460,-0.222383,-0.211880,0.397125,-0.219385,0.256111,-0.084483,0.043180,0.058713,-0.384662,0.445961,-0.124474,1.039030,-0.375803,-0.225898,0.241735,0.030337,-0.402738,-0.043039,0.655751,0.500993,-0.210078,-0.338715
0.447027,1.107870,0.842042,0.035212,0.028541,-0.173552,-0.983781,-0.147535,0.421765,0.170783,0.615189,-0.340335,-0.203120,0.094695,-0.232440,-0.227285,0.405374,-0.203066,0.241647,-0.106084,0.048922,0.062596,-0.362688,0.396728,-0.145493,1.315739,-0.300484,-0.169554,0.174605,0.014417,-0.404014,-0.008958,0.730605,0.470411,-0.190069,-0.313788
0.448832,1.113580,0.844990,0.032866,0.021955,-0.172782,-0.984167,-0.135165,0.400606,0.174631,0.583198,-0.334240,-0.197526,0.089946,-0.238705,-0.242175,0.410018,-0.194746,0.231733,-0.115732,0.053639,0.063481,-0.343295,0.370467,-0.154056,1.465324,-0.240144,-0.142334,0.143115,0.008646,-0.404088,0.023310,0.767364,0.449056,-0.176601,-0.296689
0.449539,1.114769,0.846700,0.031998,0.018647,-0.172313,-0.984346,-0.131115,0.394523,0.175770,0.568957,-0.329296,-0.198289,0.087719,-0.240397,-0.249636,0.410612,-0.191636,0.227708,-0.117032,0.056425,0.062799,-0.325771,0.363087,-0.152496,1.498662,-0.214986,-0.136823,0.137701,0.011041,-0.402802,0.039420,0.772518,0.440647,-0.171403,-0.290431
0.449730,1.113905,0.846812,0.031870,0.018127,-0.172460,-0.984334,-0.131849,0.395791,0.175030,0.568836,-0.329361,-0.200073,0.087461,-0.239541,-0.249701,0.409673,-0.193713,0.227772,-0.115192,0.056761,0.061751,-0.312676,0.363510,-0.147783,1.477149,-0.215957,-0.138670,0.140807,0.016981,-0.400073,0.039462,0.767101,0.438360,-0.170586,-0.289344
0.450069,1.112900,0.846279,0.031604,0.018585,-0.172735,-0.984286,-0.133239,0.397610,0.174266,0.572871,-0.331420,-0.200884,0.087886,-0.238659,-0.247324,0.409224,-0.197838,0.228958,-0.113252,0.055532,0.060758,-0.303027,0.362867,-0.144482,1.454801,-0.221297,-0.138401,0.140976,0.023113,-0.396325,0.033968,0.765676,0.434091,-0.169416,-0.286848
0.450710,1.112304,0.845970,0.030990,0.018632,-0.172781,-0.984296,-0.133433,0.397637,0.174265,0.574371,-0.332289,-0.201251,0.088108,-0.238679,-0.246373,0.409487,-0.201321,0.229563,-0.111657,0.054100,0.059770,-0.293351,0.359161,-0.142713,1.447058,-0.219141,-0.134955,0.137143,0.028639,-0.392267,0.031306,0.769423,0.425908,-0.166344,-0.281360
0.451436,1.111825,0.846005,0.030284,0.018118,-0.172667,-0.984348,-0.132895,0.396836,0.174613,0.573207,-0.331762,-0.201931,0.088013,-0.239087,-0.247034,0.409809,-0.203743,0.229540,-0.109910,0.053091,0.058709,-0.281953,0.354635,-0.140862,1.443731,-0.211905,-0.131167,0.132954,0.034072,-0.388366,0.032049,0.773495,0.416612,-0.162547,-0.275036
0.452066,1.111181,0.846083,0.029694,0.017541,-0.172585,-0.984391,-0.132574,0.396485,0.174770,0.572018,-0.331162,-0.202946,0.087873,-0.239257,-0.247760,0.409828,-0.205978,0.229480,-0.107846,0.052321,0.057606,-0.269696,0.351115,-0.138252,1.435226,-0.205795,-0.128658,0.130411,0.039784,-0.384646,0.032991,0.775356,0.408546,-0.159273,-0.269667
0.452614,1.110406,0.846024,0.029197,0.017191,-0.172594,-0.984410,-0.132683,0.396706,0.174678,0.572032,-0.331177,-0.203958,0.087856,-0.239143,-0.247777,0.409686,-0.208617,0.229663,-0.105700,0.051458,0.056519,-0.257831,0.348411,-0.135342,1.422340,-0.202520,-0.126866,0.128754,0.045661,-0.380936,0.032454,0.776091,0.401542,-0.156565,-0.265111
0.453169,1.109650,0.845881,0.028689,0.016970,-0.172627,-0.984423,-0.132882,0.396970,0.174563,0.572593,-0.331502,-0.204809,0.087914,-0.239012,-0.247446,0.409612,-0.211531,0.229953,-0.103667,0.050443,0.055460,-0.246542,0.345605,-0.132653,1.409915,-0.199993,-0.124797,0.126726,0.051480,-0.377148,0.031164,0.777352,0.394448,-0.153869,-0.260478
0.453767,1.108965,0.845767,0.028132,0.016703,-0.172631,-0.984443,-0.132921,0.396986,0.174554,0.572841,-0.331682,-0.205589,0.087948,-0.239006,-0.247288,0.409646,-0.214393,0.230165,-0.101725,0.049404,0.054406,-0.235332,0.342371,-0.130203,1.399751,-0.196484,-0.122269,0.124117,0.057193,-0.373321,0.030223,0.779377,0.386819,-0.150913,-0.255432
0.454379,1.108302,0.845703,0.027558,0.016354,-0.172608,-0.984469,-0.132846,0.396870,0.174604,0.572691,-0.331651,-0.206412,0.087936,-0.239064,-0.247371,0.409695,-0.217119,0.230280,-0.099772,0.048424,0.053342,-0.223890,0.338992,-0.127759,1.390397,-0.192180,-0.119662,0.121419,0.062887,-0.369513,0.029792,0.781503,0.378990,-0.147836,-0.250235
0.454979,1.107617,0.845649,0.027000,0.015990,-0.172588,-0.984494,-0.132794,0.396810,0.174630,0.572508,-0.331591,-0.207287,0.087915,-0.239094,-0.247482,0.409702,-0.219819,0.230372,-0.097771,0.047483,0.052270,-0.212306,0.335747,-0.125206,1.380356,-0.187975,-0.117233,0.118950,0.068620,-0.365731,0.029428,0.783317,0.371319,-0.144824,-0.245162
0.455566,1.106911,0.845577,0.026456,0.015657,-0.172581,-0.984516,-0.132805,0.396837,0.174619,0.572495,-0.331618,-0.208166,0.087911,-0.239080,-0.247494,0.409682,-0.222581,0.230483,-0.095754,0.046531,0.051200,-0.200766,0.332629,-0.122601,1.369625,-0.184185,-0.114922,0.116628,0.074381,-0.361953,0.028858,0.784944,0.363814,-0.141898,-0.240215
0.456153,1.106206,0.845491,0.025912,0.015345,-0.172578,-0.984535,-0.132834,0.396877,0.174602,0.572574,-0.331697,-0.209022,0.087919,-0.239060,-0.247447,0.409670,-0.225397,0.230599,-0.093752,0.045557,0.050134,-0.189312,0.329508,-0.120023,1.358902,-0.180537,-0.112582,0.114265,0.080135,-0.358164,0.028162,0.786631,0.356310,-0.138982,-0.235269
0.456746,1.105511,0.845407,0.025360,0.015028,-0.172572,-0.984556,-0.132843,0.396883,0.174599,0.572616,-0.331758,-0.209867,0.087924,-0.239057,-0.247421,0.409673,-0.228220,0.230694,-0.091764,0.044577,0.049069,-0.177877,0.326325,-0.117482,1.348505,-0.176760,-0.110173,0.111815,0.085874,-0.354368,0.027506,0.788432,0.348729,-0.136028,-0.230262
0.457342,1.104821,0.845332,0.024806,0.014699,-0.172562,-0.984577,-0.132833,0.396867,0.174606,0.572598,-0.331789,-0.210716,0.087923,-0.239065,-0.247430,0.409681,-0.231033,0.230762,-0.089776,0.043606,0.048003,-0.166409,0.323116,-0.114945,1.338251,-0.172859,-0.107746,0.109344,0.091609,-0.350574,0.026926,0.790258,0.341113,-0.133055,-0.225230
0.457936,1.104127,0.845258,0.024254,0.014367,-0.172551,-0.984597,-0.132824,0.396857,0.174610,0.572571,-0.331812,-0.211574,0.087920,-0.239070,-0.247447,0.409682,-0.233851,0.230814,-0.087780,0.042641,0.046936,-0.154919,0.319924,-0.112392,1.327911,-0.168961,-0.105344,0.106905,0.097349,-0.346785,0.026363,0.792040,0.333517,-0.130089,-0.220213
0.458529,1.103431,0.845182,0.023703,0.014039,-0.172542,-0.984617,-0.132825,0.396860,0.174609,0.572566,-0.331847,-0.212432,0.087919,-0.239069,-0.247450,0.409680,-0.236688,0.230856,-0.085782,0.041674,0.045868,-0.143433,0.316751,-0.109831,1.317464,-0.165122,-0.102961,0.104490,0.103094,-0.342996,0.025771,0.793793,0.325946,-0.127136,-0.215215
0.459121,1.102734,0.845104,0.023153,0.013715,-0.172535,-0.984636,-0.132829,0.396866,0.174606,0.572577,-0.331891,-0.213288,0.087920,-0.239066,-0.247444,0.409678,-0.239542,0.230886,-0.083786,0.040705,0.044802,-0.131960,0.313580,-0.107273,1.307009,-0.161310,-0.100575,0.102071,0.108838,-0.339206,0.025158,0.795551,0.318377,-0.124185,-0.210219
0.459714,1.102039,0.845025,0.022602,0.013390,-0.172526,-0.984655,-0.132831,0.396867,0.174606,0.572584,-0.331933,-0.214141,0.087921,-0.239065,-0.247439,0.409678,-0.242409,0.230901,-0.081792,0.039734,0.043735,-0.120491,0.310400,-0.104720,1.296601,-0.157480,-0.098179,0.099639,0.114579,-0.335414,0.024550,0.797327,0.310798,-0.121229,-0.205214
0.460307,1.101344,0.844948,0.022051,0.013063,-0.172517,-0.984673,-0.132830,0.396865,0.174607,0.572582,-0.331970,-0.214995,0.087921,-0.239066,-0.247441,0.409679,-0.245284,0.230899,-0.079798,0.038764,0.042669,-0.109017,0.307216,-0.102169,1.286217,-0.153632,-0.095780,0.097203,0.120320,-0.331623,0.023953,0.799107,0.303213,-0.118270,-0.200205
0.460900,1.100649,0.844872,0.021499,0.012736,-0.172508,-0.984691,-0.132828,0.396863,0.174608,0.572578,-0.332006,-0.215851,0.087920,-0.239067,-0.247443,0.409680,-0.248171,0.230883,-0.077803,0.037796,0.041602,-0.097540,0.304033,-0.099615,1.275823,-0.149782,-0.093384,0.094771,0.126062,-0.327833,0.023359,0.800881,0.295630,-0.115312,-0.195198
0.461493,1.099954,0.844795,0.020948,0.012409,-0.172499,-0.984709,-0.132828,0.396864,0.174607,0.572577,-0.332043,-0.216706,0.087920,-0.239067,-0.247444,0.409679,-0.251069,0.230853,-0.075808,0.036827,0.040535,-0.086063,0.300854,-0.097060,1.265412,-0.145941,-0.090991,0.092343,0.131804,-0.324043,0.022762,0.802651,0.288050,-0.112355,-0.190194
0.462086,1.099258,0.844718,0.020397,0.012083,-0.172490,-0.984726,-0.132829,0.396864,0.174607,0.572579,-0.332082,-0.217561,0.087920,-0.239066,-0.247443,0.409679,-0.253981,0.230808,-0.073813,0.035858,0.039468,-0.074587,0.297675,-0.094505,1.254999,-0.142105,-0.088598,0.089914,0.137546,-0.320252,0.022161,0.804421,0.280472,-0.109400,-0.185190
0.462679,1.098563,0.844640,0.019846,0.011757,-0.172480,-0.984743,-0.132829,0.396865,0.174607,0.572580,-0.332120,-0.218416,0.087921,-0.239066,-0.247442,0.409679,-0.256905,0.230749,-0.071818,0.034889,0.038402,-0.063113,0.294494,-0.091951,1.244593,-0.138266,-0.086203,0.087484,0.143288,-0.316461,0.021561,0.806194,0.272892,-0.106443,-0.180185
0.463272,1.097867,0.844563,0.019295,0.011430,-0.172471,-0.984759,-0.132829,0.396864,0.174607,0.572580,-0.332158,-0.219271,0.087921,-0.239066,-0.247442,0.409679,-0.259840,0.230675,-0.069823,0.033919,0.037335,-0.051638,0.291314,-0.089397,1.234190,-0.134424,-0.083808,0.085053,0.149030,-0.312671,0.020962,0.807967,0.265311,-0.103486,-0.175179
0.463865,1.097172,0.844486,0.018744,0.011103,-0.172462,-0.984775,-0.132829,0.396864,0.174607,0.572579,-0.332195,-0.220126,0.087921,-0.239066,-0.247443,0.409679,-0.262787,0.230586,-0.067828,0.032950,0.036268,-0.040162,0.288133,-0.086843,1.223787,-0.130582,-0.081413,0.082623,0.154772,-0.308880,0.020364,0.809740,0.257730,-0.100529,-0.170174
0.464458,1.096477,0.844409,0.018192,0.010777,-0.172452,-0.984791,-0.132829,0.396864,0.174607,0.572579,-0.332233,-0.220981,0.087921,-0.239066,-0.247443,0.409679,-0.265745,0.230483,-0.065833,0.031981,0.035202,-0.028687,0.284953,-0.084288,1.213381,-0.126741,-0.079019,0.080193,0.160514,-0.305090,0.019765,0.811512,0.250150,-0.097572,-0.165169
0.465051,1.095782,0.844332,0.017641,0.010450,-0.172443,-0.984806,-0.132829,0.396864,0.174607,0.572579,-0.332270,-0.221836,0.087921,-0.239066,-0.247443,0.409679,-0.268716,0.230365,-0.063838,0.031012,0.034135,-0.017211,0.281772,-0.081734,1.202974,-0.122901,-0.076625,0.077763,0.166256,-0.301299,0.019166,0.813284,0.242570,-0.094616,-0.160164
0.465644,1.095086,0.844255,0.017090,0.010124,-0.172433,-0.984821,-0.132829,0.396864,0.174607,0.572579,-0.332308,-0.222691,0.087921,-0.239066,-0.247442,0.409679,-0.271699,0.230232,-0.061843,0.030043,0.033068,-0.005736,0.278592,-0.079180,1.192569,-0.119061,-0.074230,0.075333,0.171998,-0.297508,0.018567,0.815056,0.234990,-0.091659,-0.155159
0.466237,1.094391,0.844178,0.016539,0.009797,-0.172424,-0.984835,-0.132829,0.396864,0.174607,0.572579,-0.332346,-0.223546,0.087921,-0.239066,-0.247442,0.409679,-0.274693,0.230085,-0.059848,0.029074,0.032001,0.005739,0.275412,-0.076626,1.182164,-0.115220,-0.071836,0.072903,0.177740,-0.293718,0.017968,0.816829,0.227409,-0.088702,-0.150154
0.466831,1.093696,0.844100,0.015987,0.009471,-0.172414,-0.984849,-0.132829,0.396864,0.174607,0.572579,-0.332383,-0.224401,0.087921,-0.239066,-0.247443,0.409679,-0.277699,0.229923,-0.057853,0.028105,0.030935,0.017215,0.272231,-0.074072,1.171758,-0.111379,-0.069441,0.070472,0.183482,-0.289927,0.017369,0.818601,0.219829,-0.085745,-0.145149
0.467424,1.093000,0.844023,0.015436,0.009144,-0.172404,-0.984863,-0.132829,0.396864,0.174607,0.572579,-0.332420,-0.225256,0.087921,-0.239066,-0.247443,0.409679,-0.280717,0.229746,-0.055858,0.027136,0.029868,0.028690,0.269051,-0.071517,1.161353,-0.107539,-0.067047,0.068042,0.189224,-0.286137,0.016770,0.820374,0.212249,-0.082789,-0.140143
0.468017,1.092305,0.843946,0.014885,0.008818,-0.172394,-0.984876,-0.132829,0.396864,0.174607,0.572579,-0.332458,-0.226111,0.087921,-0.239066,-0.247443,0.409679,-0.283747,0.229555,-0.053863,0.026166,0.028801,0.040165,0.265870,-0.068963,1.150947,-0.103698,-0.064652,0.065612,0.194966,-0.282346,0.016171,0.822146,0.204668,-0.079832,-0.135138
0.468610,1.091610,0.843869,0.014334,0.008491,-0.172384,-0.984889,-0.132829,0.396864,0.174607,0.572579,-0.332516,-0.227027,0.087921,-0.239066,-0.247442,0.409679,-0.286916,0.229372,-0.051868,0.025197,0.027735,0.051641,0.262690,-0.066409,1.140542,-0.099857,-0.062258,0.063182,0.200708,-0.278555,0.015572,0.823918,0.197088,-0.076875,-0.130133
0.469203,1.090914,0.843792,0.013783,0.008165,-0.172374,-0.984901,-0.132829,0.396864,0.174607,0.572579,-0.332504,-0.227740,0.087921,-0.239066,-0.247442,0.409679,-0.289670,0.229096,-0.049874,0.024228,0.026668,0.063116,0.259510,-0.063855,1.130136,-0.096017,-0.059863,0.060752,0.206450,-0.274765,0.014973,0.825691,0.189508,-0.073918,-0.125128
0.469796,1.090219,0.843715,0.013231,0.007838,-0.172364,-0.984913,-0.132829,0.396864,0.174607,0.572579,-0.332315,-0.227940,0.087921,-0.239066,-0.247442,0.409679,-0.291363,0.228619,-0.047879,0.023259,0.025601,0.074592,0.256329,-0.061301,1.119731,-0.092176,-0.057469,0.058322,0.212192,-0.270974,0.014374,0.827463,0.181927,-0.070962,-0.120123
0.470389,1.089524,0.843638,0.012680,0.007511,-0.172354,-0.984925,-0.132829,0.396864,0.174607,0.572579,-0.331961,-0.227650,0.087921,-0.239066,-0.247443,0.409679,-0.292060,0.227960,-0.045884,0.022290,0.024534,0.086067,0.253149,-0.058746,1.109325,-0.088335,-0.055074,0.055892,0.217934,-0.267184,0.013776,0.829236,0.174347,-0.068005,-0.115118
0.470982,1.088829,0.843561,0.012129,0.007185,-0.172344,-0.984936,-0.132829,0.396864,0.174607,0.572579,-0.331571,-0.227239,0.087921,-0.239066,-0.247443,0.409679,-0.292541,0.227264,-0.043889,0.021321,0.023468,0.097542,0.249968,-0.056192,1.098920,-0.084495,-0.052679,0.053462,0.223676,-0.263393,0.013177,0.831008,0.166767,-0.065048,-0.110113
0.471575,1.088133,0.843483,0.011577,0.006858,-0.172334,-0.984947,-0.132829,0.396864,0.174607,0.572579,-0.331193,-0.226851,0.087921,-0.239066,-0.247442,0.409679,-0.293109,0.226582,-0.041894,0.020352,0.022401,0.109016,0.246788,-0.053638,1.088515,-0.080654,-0.050285,0.051032,0.229418,-0.259602,0.012578,0.832780,0.159186,-0.062092,-0.105108
0.472168,1.087438,0.843406,0.011026,0.006532,-0.172323,-0.984957,-0.132829,0.396864,0.174607,0.572579,-0.330815,-0.226445,0.087921,-0.239066,-0.247442,0.409679,-0.293676,0.225899,-0.039899,0.019383,0.021334,0.120493,0.243608,-0.051084,1.078109,-0.076813,-0.047890,0.048602,0.235160,-0.255812,0.011979,0.834553,0.151606,-0.059135,-0.100102
0.472761,1.086743,0.843329,0.010475,0.006205,-0.172313,-0.984967,-0.132829,0.396864,0.174607,0.572579,-0.330437,-0.226021,0.087921,-0.239066,-0.247442,0.409679,-0.294243,0.225217,-0.037904,0.018413,0.020268,0.131971,0.240427,-0.048530,1.067704,-0.072973,-0.045496,0.046172,0.240904,-0.252021,0.011380,0.836325,0.144026,-0.056178,-0.095097
0.473354,1.086047,0.843252,0.009924,0.005879,-0.172302,-0.984977,-0.132829,0.396864,0.174607,0.572579,-0.330057,-0.225579,0.087921,-0.239066,-0.247442,0.409679,-0.294809,0.224533,-0.035909,0.017444,0.019201,0.143446,0.237247,-0.045976,1.057298,-0.069132,-0.043101,0.043742,0.246646,-0.248231,0.010781,0.838098,0.136446,-0.053221,-0.090092
0.473947,1.085352,0.843175,0.009372,0.005552,-0.172292,-0.984986,-0.132829,0.396864,0.174607,0.572579,-0.329677,-0.225119,0.087921,-0.239066,-0.247442,0.409679,-0.295376,0.223850,-0.033914,0.016475,0.018134,0.154916,0.234067,-0.043421,1.046893,-0.065291,-0.040707,0.041312,0.252385,-0.244440,0.010182,0.839869,0.128865,-0.050265,-0.085087
0.474540,1.084657,0.843098,0.008821,0.005225,-0.172281,-0.984994,-0.132829,0.396864,0.174607,0.572579,-0.329295,-0.224641,0.087921,-0.239066,-0.247442,0.409679,-0.295942,0.223166,-0.031919,0.015506,0.017067,0.166385,0.230886,-0.040867,1.036487,-0.061451,-0.038312,0.038881,0.258124,-0.240650,0.009583,0.841641,0.121285,-0.047308,-0.080082
0.475133,1.083961,0.843021,0.008270,0.004899,-0.172271,-0.985003,-0.132829,0.396864,0.174607,0.572579,-0.328913,-0.224145,0.087921,-0.239066,-0.247442,0.409679,-0.296508,0.222481,-0.029924,0.014537,0.016001,0.177868,0.227706,-0.038313,1.026082,-0.057610,-0.035918,0.036451,0.263869,-0.236859,0.008984,0.843414,0.113705,-0.044351,-0.075077
0.475727,1.083266,0.842944,0.007718,0.004572,-0.172260,-0.985011,-0.132829,0.396864,0.174607,0.572579,-0.328531,-0.223631,0.087921,-0.239066,-0.247442,0.409679,-0.297074,0.221796,-0.027929,0.013568,0.014934,0.189363,0.224525,-0.035759,1.015676,-0.053769,-0.033523,0.034021,0.269621,-0.233068,0.008385,0.845190,0.106124,-0.041394,-0.070072
0.476320,1.082571,0.842866,0.007167,0.004246,-0.172249,-0.985018,-0.132829,0.396864,0.174607,0.572579,-0.328147,-0.223099,0.087921,-0.239066,-0.247442,0.409679,-0.297639,0.221111,-0.025934,0.012599,0.013867,0.200842,0.221345,-0.033205,1.005271,-0.049929,-0.031129,0.031591,0.275365,-0.229278,0.007786,0.846963,0.098544,-0.038438,-0.065067
0.476911,1.081876,0.842789,0.006616,0.003919,-0.172238,-0.985025,-0.132829,0.396864,0.174607,0.572579,-0.327762,-0.222548,0.087921,-0.239066,-0.247442,0.409679,-0.298205,0.220425,-0.023939,0.011630,0.012801,0.212278,0.218165,-0.030650,0.994866,-0.046088,-0.028734,0.029161,0.281087,-0.225487,0.007187,0.848729,0.090964,-0.035481,-0.060062
0.477502,1.081180,0.842712,0.006065,0.003593,-0.172227,-0.985032,-0.132829,0.396864,0.174607,0.572579,-0.327377,-0.221980,0.087921,-0.239066,-0.247442,0.409679,-0.298770,0.219739,-0.021944,0.010660,0.011734,0.223709,0.214984,-0.028096,0.984460,-0.042247,-0.026340,0.026731,0.286807,-0.221697,0.006588,0.850494,0.083384,-0.032524,-0.055057
0.478097,1.080485,0.842635,0.005513,0.003266,-0.172216,-0.985038,-0.132829,0.396864,0.174607,0.572579,-0.326991,-0.221394,0.087921,-0.239066,-0.247442,0.409679,-0.299335,0.219052,-0.019949,0.009691,0.010667,0.235223,0.211804,-0.025542,0.974054,-0.038407,-0.023945,0.024301,0.292568,-0.217906,0.005989,0.852273,0.075803,-0.029567,-0.050051
0.478697,1.079790,0.842558,0.004962,0.002939,-0.172205,-0.985044,-0.132829,0.396864,0.174607,0.572579,-0.326604,-0.220790,0.087921,-0.239066,-0.247442,0.409679,-0.299900,0.218365,-0.017954,0.008722,0.009600,0.246833,0.208623,-0.022988,0.963648,-0.034566,-0.021551,0.021871,0.298378,-0.214115,0.005390,0.854066,0.068222,-0.026610,-0.045046
0.479292,1.079094,0.842481,0.004411,0.002613,-0.172194,-0.985050,-0.132829,0.396864,0.174607,0.572579,-0.326217,-0.220168,0.087921,-0.239066,-0.247442,0.409679,-0.300464,0.217678,-0.015959,0.007753,0.008534,0.258355,0.205443,-0.020433,0.953243,-0.030725,-0.019156,0.019441,0.304143,-0.210325,0.004791,0.855845,0.060642,-0.023654,-0.040041
0.479873,1.078399,0.842404,0.003859,0.002286,-0.172182,-0.985055,-0.132829,0.396864,0.174607,0.572579,-0.325828,-0.219528,0.087921,-0.239066,-0.247442,0.409679,-0.301028,0.216990,-0.013965,0.006784,0.007467,0.269588,0.202263,-0.017880,0.942839,-0.026885,-0.016762,0.017011,0.309764,-0.206535,0.004193,0.857580,0.053063,-0.020697,-0.035036
0.480449,1.077704,0.842327,0.003308,0.001960,-0.172171,-0.985060,-0.132829,0.396864,0.174607,0.572579,-0.325439,-0.218870,0.087921,-0.239066,-0.247442,0.409679,-0.301592,0.216302,-0.011970,0.005815,0.006401,0.280733,0.199083,-0.015326,0.932435,-0.023045,-0.014368,0.014581,0.315340,-0.202744,0.003594,0.859302,0.045483,-0.017741,-0.030032
0.481053,1.077008,0.842250,0.002757,0.001633,-0.172160,-0.985064,-0.132829,0.396864,0.174607,0.572579,-0.325049,-0.218194,0.087921,-0.239066,-0.247442,0.409679,-0.302156,0.215613,-0.009975,0.004846,0.005334,0.292426,0.195902,-0.012771,0.922027,-0.019203,-0.011973,0.012150,0.321192,-0.198953,0.002995,0.861108,0.037901,-0.014784,-0.025025
0.481695,1.076313,0.842172,0.002205,0.001306,-0.172148,-0.985068,-0.132829,0.396864,0.174607,0.572579,-0.324658,-0.217500,0.087921,-0.239066,-0.247442,0.409679,-0.302720,0.214923,-0.007979,0.003876,0.004266,0.304847,0.192720,-0.010216,0.911617,-0.015361,-0.009577,0.009719,0.327406,-0.195161,0.002395,0.863026,0.030318,-0.011826,-0.020018
0.482301,1.075618,0.842095,0.001654,0.000980,-0.172137,-0.985071,-0.132829,0.396864,0.174607,0.572579,-0.324267,-0.216788,0.087921,-0.239066,-0.247442,0.409679,-0.303283,0.214234,-0.005984,0.002907,0.003200,0.316573,0.189540,-0.007662,0.901212,-0.011520,-0.007183,0.007289,0.333274,-0.191370,0.001797,0.864837,0.022738,-0.008869,-0.015013
0.482730,1.074923,0.842018,0.001103,0.000653,-0.172125,-0.985074,-0.132829,0.396864,0.174607,0.572579,-0.323875,-0.216059,0.087921,-0.239066,-0.247442,0.409679,-0.303846,0.213544,-0.003991,0.001939,0.002134,0.324879,0.186363,-0.005110,0.890817,-0.007684,-0.004791,0.004862,0.337430,-0.187584,0.001198,0.866120,0.015165,-0.005915,-0.010013
0.482889,1.074228,0.841941,0.000552,0.000327,-0.172114,-0.985077,-0.132829,0.396864,0.174607,0.572579,-0.323482,-0.215311,0.087921,-0.239066,-0.247442,0.409679,-0.304408,0.212854,-0.001998,0.000971,0.001068,0.327953,0.183185,-0.002558,0.880421,-0.003846,-0.002398,0.002434,0.338968,-0.183796,0.000600,0.866595,0.007591,-0.002961,-0.005012
0.482842,1.073532,0.841864,0.000000,0.000000,-0.172102,-0.985079,-0.132829,0.396864,0.174607,0.572579,-0.323087,-0.214544,0.087921,-0.239066,-0.247442,0.409679,-0.304972,0.212162,-0.000000,0.000000,0.000000,0.327048,0.180000,-0.000000,0.870001,-0.000000,-0.000000,0.000000,0.338516,-0.180000,0.000000,0.866455,0.000001,-0.000000,-0.000000
